slug,theorem,display_title,family,bounty_usd,bounty_alpha,bounty_available,attempts,tractability,defect_signs,ams,url,lean_type,formalized_task_id,counterexample_task_id
green33-green-33,Green33.green_33,Green's open problem 33,greens-open-problems,3809.84,6314.50112,True,0,5.0,nat_domain|asymptotic|existential,5|11,https://conjectures.io/problems/green33-green-33,"True ↔ ∀ (ε : ℝ), 0 < ε → ∃ᶠ (q : ℕ+) in Filter.atTop, ∃ A, A + A = Finset.univ ∧ |↑A.card / √↑↑q - √2| < ε",fc-8432eac9-green33-green-33-9f25656c49-formalized-v1,fc-8432eac9-green33-green-33-af53f1b577-counterexample-v1
erdos184-erdos-184,Erdos184.erdos_184,Erdős problem 184,erdos,3809.84,6314.50112,True,0,4.5,asymptotic|graph|existential,5,https://conjectures.io/problems/erdos184-erdos-184,"∃ f,
  (f =O[Filter.atTop] fun n => ↑n) ∧
    ∀ {V : Type u_1} [inst : Fintype V] [DecidableEq V] (G : SimpleGraph V),
      ∃ D, (∀ H ∈ D, Erdos184.IsCycleOrEdge H.coe) ∧ Erdos184.IsDecomposition G D ∧ ↑D.card ≤ f (Fintype.card V)",fc-8432eac9-erdos184-erdos-184-68b896c7e6-formalized-v1,fc-8432eac9-erdos184-erdos-184-44f7f0e81f-counterexample-v1
erdos23-erdos-23,Erdos23.erdos_23,Erdős problem 23,erdos,3809.84,6314.50112,True,0,4.5,nat_domain|graph|existential,5,https://conjectures.io/problems/erdos23-erdos-23,"True ↔
  ∀ (n : ℕ) (V : Type) [inst : Fintype V],
    Fintype.card V = 5 * n →
      ∀ (G : SimpleGraph V), G.CliqueFree 3 → ∃ H ≤ G, H.IsBipartite ∧ (G.edgeFinset \ H.edgeFinset).card ≤ n ^ 2",fc-8432eac9-erdos23-erdos-23-1aa3d61210-formalized-v1,fc-8432eac9-erdos23-erdos-23-61cfcaa2cc-counterexample-v1
erdos579-erdos-579,Erdos579.erdos_579,Erdős problem 579,erdos,3809.84,6314.50112,True,0,4.5,nat_domain|asymptotic|graph|existential,5,https://conjectures.io/problems/erdos579-erdos-579,"True ↔
  ∀ (δ : ℝ),
    0 < δ →
      ∃ c,
        0 < c ∧
          ∀ᶠ (n : ℕ) in Filter.atTop,
            ∀ (G : SimpleGraph (Fin n)),
              Erdos579.octahedron.Free G → δ * ↑n ^ 2 ≤ ↑G.edgeFinset.card → c * ↑n ≤ ↑G.indepNum",fc-8432eac9-erdos579-erdos-579-79b38fe2b9-formalized-v1,fc-8432eac9-erdos579-erdos-579-e0f62bf499-counterexample-v1
erdos686-erdos-686-variants-four,Erdos686.erdos_686.variants.four,Erdős problem 686 - four,erdos,3809.84,6314.50112,True,0,4.5,bounded_finite_range|existential,11,https://conjectures.io/problems/erdos686-erdos-686-variants-four,"True ↔ ∃ k ≥ 2, ∃ n, ∃ m ≥ n + k, 4 = ↑(∏ i ∈ Finset.Icc 1 k, (m + i)) / ↑(∏ i ∈ Finset.Icc 1 k, (n + i))",fc-8432eac9-variants-four-ae7cfb4a62-formalized-v1,fc-8432eac9-variants-four-ecbc35a890-counterexample-v1
erdos887-erdos-887-parts-ii,Erdos887.erdos_887.parts.ii,Erdős problem 887 - part ii,erdos,3809.84,6314.50112,True,0,4.5,nat_domain|asymptotic|existential,11,https://conjectures.io/problems/erdos887-erdos-887-parts-ii,"∃ K, ∀ C > 0, ∀ᶠ (n : ℕ) in Filter.atTop, {d ∈ Finset.Ioo ⌊√↑n⌋₊ ⌈√↑n + C * ↑n ^ (1 / 4)⌉₊ | d ∣ n}.card ≤ K",fc-8432eac9-parts-ii-a5eb23eb3e-formalized-v1,fc-8432eac9-parts-ii-b1f4514960-counterexample-v1
green60-green-60,Green60.green_60,Green's open problem 60,greens-open-problems,3809.84,6314.50112,True,0,4.5,nat_domain|existential,11,https://conjectures.io/problems/green60-green-60,"True ↔ ∃ c > 0, ∀ (A : Finset ℕ), (∀ a ∈ A, IsSquare a) → 2 ≤ A.card → ↑(A + A).card ≥ ↑A.card ^ (1 + c)",fc-8432eac9-green60-green-60-8805fc8b57-formalized-v1,fc-8432eac9-green60-green-60-b2f26c7242-counterexample-v1
green9-green-9-iii,Green9.green_9_iii,Green's open problem 9 - iii,greens-open-problems,3809.84,6314.50112,True,0,4.5,asymptotic|existential,5,https://conjectures.io/problems/green9-green-9-iii,"True ↔ ∃ c > 0, (fun n => ↑(Finset.maxAPFreeCard 4 Finset.univ)) =O[Filter.atTop] fun n => (5 ^ n) ^ (1 - c)",fc-8432eac9-green9-green-9-iii-60bb9bceba-formalized-v1,fc-8432eac9-green9-green-9-iii-5562a9f5b4-counterexample-v1
green62-green-62,Green62.green_62,Green's open problem 62,greens-open-problems,3809.84,6314.50112,True,0,4.0,nat_domain|asymptotic|bounded_finite_range|existential,11,https://conjectures.io/problems/green62-green-62,"True ↔
  ∀ᶠ (p : ℕ) in Filter.atTop,
    Nat.Prime p →
      have A := Finset.filter Nat.Prime (Finset.range p);
      ∀ (x : ℕ), 1 ≤ x ∧ x < p → ∃ a₁ ∈ A, ∃ a₂ ∈ A, ↑x = ↑a₁ * ↑a₂",fc-8432eac9-green62-green-62-1773198c8e-formalized-v1,fc-8432eac9-green62-green-62-0ab233abc8-counterexample-v1
erdos100-erdos-100,Erdos100.erdos_100,Erdős problem 100,erdos,3809.84,6314.50112,True,0,3.5,nat_domain|asymptotic|existential,52,https://conjectures.io/problems/erdos100-erdos-100,"True ↔
  ∃ C > 0,
    ∀ᶠ (n : ℕ) in Filter.atTop,
      ∀ (A : Finset (EuclideanSpace ℝ (Fin 2))), A.card = n → Erdos100.DistancesSeparated A → Metric.diam ↑A > C * ↑n",fc-8432eac9-erdos100-erdos-100-a062cf83b1-formalized-v1,fc-8432eac9-erdos100-erdos-100-7fa9be975a-counterexample-v1
erdos1060-erdos-1060-parts-ii,Erdos1060.erdos_1060.parts.ii,Erdős problem 1060 - part ii,erdos,3809.84,6314.50112,True,0,3.5,asymptotic|existential,11,https://conjectures.io/problems/erdos1060-erdos-1060-parts-ii,"∃ C,
  (fun n => ↑{k ∈ Finset.Iic n | k * (ArithmeticFunction.sigma 1) k = n}.card) =O[Filter.atTop] fun n => Real.log ↑n ^ C",fc-8432eac9-parts-ii-7a61adacd6-formalized-v1,fc-8432eac9-parts-ii-982f0aa68a-counterexample-v1
erdos1192-erdos-1192,Erdos1192.erdos_1192,Erdős problem 1192,erdos,3809.84,6314.50112,True,0,3.5,nat_domain|asymptotic|bounded_finite_range|existential,5,https://conjectures.io/problems/erdos1192-erdos-1192,"True ↔
  ∀ r ≥ 2,
    ∃ A,
      (∀ᶠ (n : ℕ) in Filter.atTop, Erdos1192.f_r A r n > 0) ∧
        (fun x => ∑ n ∈ Finset.range (x + 1), ↑(Erdos1192.f_r A r n) ^ 2) =O[Filter.atTop] fun x => ↑x",fc-8432eac9-erdos1192-erdos-1192-abb86bc29e-formalized-v1,fc-8432eac9-erdos1192-erdos-1192-45df77c0d4-counterexample-v1
erdos137-erdos-137-variants-multiple-powerful-factors,Erdos137.erdos_137.variants.multiple_powerful_factors,Erdős problem 137 - multiple powerful factors,erdos,3809.84,6314.50112,True,0,3.5,nat_domain|asymptotic|bounded_finite_range|existential,11,https://conjectures.io/problems/erdos137-erdos-137-variants-multiple-powerful-factors,"∀ (k : ℕ),
  ∀ᶠ (n : ℕ) in Filter.atTop,
    ∀ (m : ℕ),
      0 < m →
        ∃ P,
          P.card = k ∧ ∀ p ∈ P, Nat.Prime p ∧ p ∣ ∏ x ∈ Finset.Icc m (m + n), x ∧ ¬p ^ 2 ∣ ∏ x ∈ Finset.Icc m (m + n), x",fc-8432eac9-variants-multiple-powerful-factors-a33d111789-formalized-v1,fc-8432eac9-variants-multiple-powerful-factors-c4c781f772-counterexample-v1
erdos172-erdos-172,Erdos172.erdos_172,Erdős problem 172,erdos,3809.84,6314.50112,True,0,3.5,nat_domain|existential,5,https://conjectures.io/problems/erdos172-erdos-172,"True ↔
  ∀ (n : ℕ) (color : ℕ → Fin n) (m : ℕ),
    ∃ A, A.card ≥ m ∧ ∃ c, ∀ (S : Finset ↥A), S.Nonempty → color (∑ x ∈ S, ↑x) = c ∧ color (∏ x ∈ S, ↑x) = c",fc-8432eac9-erdos172-erdos-172-4e7987396e-formalized-v1,fc-8432eac9-erdos172-erdos-172-53fd9447af-counterexample-v1
erdos274-herzog-schonheim,Erdos274.herzog_schonheim,Erdős problem 274 - herzog schonheim,erdos,3809.84,6314.50112,True,0,3.5,existential,20,https://conjectures.io/problems/erdos274-herzog-schonheim,"∀ {G : Type u_1} [inst : Group G],
  1 < ENat.card G →
    ∀ {ι : Type u_2} [inst_1 : Fintype ι],
      1 < Fintype.card ι →
        ∀ (P : Erdos274.Group.ExactCovering G ι), ∃ i j, i ≠ j ∧ (P.parts i).index = (P.parts j).index",fc-8432eac9-erdos274-herzog-schonheim-91bb5049dc-formalized-v1,fc-8432eac9-erdos274-herzog-schonheim-c112d622f9-counterexample-v1
erdos32-erdos-32,Erdos32.erdos_32,Erdős problem 32,erdos,3809.84,6314.50112,True,0,3.5,asymptotic|bounded_finite_range|existential,11,https://conjectures.io/problems/erdos32-erdos-32,"True ↔
  ∃ A,
    Erdos32.IsAdditiveComplementToPrimes A ∧
      (fun N => ↑{x ∈ Finset.Icc 1 N | x ∈ A}.card) =o[Filter.atTop] fun N => Real.log ↑N ^ 2",fc-8432eac9-erdos32-erdos-32-04a8be5bd3-formalized-v1,fc-8432eac9-erdos32-erdos-32-35e7d1eed1-counterexample-v1
erdos44-erdos-44,Erdos44.erdos_44,Erdős problem 44,erdos,3809.84,6314.50112,True,0,3.5,bounded_finite_range|existential,5|11,https://conjectures.io/problems/erdos44-erdos-44,"True ↔
  ∀ N ≥ 1,
    ∀ A ⊆ Finset.Icc 1 N,
      IsSidon ↑A → ∀ ε > 0, ∃ M > N, ∃ B ⊆ Finset.Icc (N + 1) M, IsSidon (↑A ∪ ↑B) ∧ (1 - ε) * √↑M ≤ ↑(A ∪ B).card",fc-8432eac9-erdos44-erdos-44-a1b39e96d8-formalized-v1,fc-8432eac9-erdos44-erdos-44-b00be68517-counterexample-v1
erdos617-erdos-617,Erdos617.erdos_617,Erdős problem 617,erdos,3809.84,6314.50112,True,0,3.5,existential,5,https://conjectures.io/problems/erdos617-erdos-617,"∀ r ≥ 3,
  ∀ {V : Type} [inst : Fintype V] [DecidableEq V],
    Fintype.card V = r ^ 2 + 1 →
      ∀ (coloring : Sym2 V → Fin r), ∃ S k, S.card = r + 1 ∧ ∀ u ∈ S, ∀ v ∈ S, u ≠ v → coloring s(u, v) ≠ k",fc-8432eac9-erdos617-erdos-617-0ce9973c4e-formalized-v1,fc-8432eac9-erdos617-erdos-617-7a0c0dd69b-counterexample-v1
erdos701-erdos-701,Erdos701.erdos_701,Erdős problem 701,erdos,3809.84,6314.50112,True,0,3.5,existential,5,https://conjectures.io/problems/erdos701-erdos-701,"True ↔
  ∀ {X : Type} [Nonempty X] [Fintype X] (F : Set (Set X)),
    IsLowerSet F → ∃ x, ∀ F' ⊆ F, F'.Intersecting → Cardinal.mk ↑F' ≤ Cardinal.mk ↑{A | A ∈ F ∧ x ∈ A}",fc-8432eac9-erdos701-erdos-701-6ac88783f2-formalized-v1,fc-8432eac9-erdos701-erdos-701-1b8b51cbfd-counterexample-v1
erdos779-erdos-779,Erdos779.erdos_779,Erdős problem 779,erdos,3809.84,6314.50112,True,0,3.5,nat_domain|bounded_finite_range|existential,11,https://conjectures.io/problems/erdos779-erdos-779,"∀ n ≥ 1,
  have P := ∏ i ∈ Finset.range (n + 1), Nat.nth Nat.Prime i;
  ∃ p, Nat.Prime p ∧ Nat.Prime (P + p) ∧ Nat.nth Nat.Prime n < p ∧ p < P",fc-8432eac9-erdos779-erdos-779-7f7a48dd7e-formalized-v1,fc-8432eac9-erdos779-erdos-779-87c9da68f3-counterexample-v1
erdos891-erdos-891,Erdos891.erdos_891,Erdős problem 891,erdos,3809.84,6314.50112,True,0,3.5,nat_domain|asymptotic|bounded_finite_range|existential,11,https://conjectures.io/problems/erdos891-erdos-891,"True ↔
  ∀ k ≥ 2,
    ∀ᶠ (n : ℕ) in Filter.atTop,
      ∃ m ∈ Finset.Ico n (n + ∏ i ∈ Finset.range k, Nat.nth Nat.Prime i), k < ArithmeticFunction.cardDistinctFactors m",fc-8432eac9-erdos891-erdos-891-f7c029a9da-formalized-v1,fc-8432eac9-erdos891-erdos-891-3c8c671a2c-counterexample-v1
erdos982-erdos-982,Erdos982.erdos_982,Erdős problem 982,erdos,3809.84,6314.50112,True,0,3.5,nat_domain|existential,52,https://conjectures.io/problems/erdos982-erdos-982,"∀ (n : ℕ),
  3 ≤ n →
    ∀ (p : Fin n → EuclideanSpace ℝ (Fin 2)),
      Function.Injective p →
        EuclideanGeometry.IsConvexPolygon p → ∃ i, {d | ∃ j, j ≠ i ∧ d = dist (p i) (p j)}.ncard ≥ n / 2",fc-8432eac9-erdos982-erdos-982-8b3c941365-formalized-v1,fc-8432eac9-erdos982-erdos-982-d87918ca8d-counterexample-v1
erdos99-erdos-99,Erdos99.erdos_99,Erdős problem 99,erdos,3809.84,6314.50112,True,0,3.5,nat_domain|asymptotic|existential,52,https://conjectures.io/problems/erdos99-erdos-99,"True ↔
  ∀ᶠ (n : ℕ) in Filter.atTop,
    ∀ (A : Finset (EuclideanSpace ℝ (Fin 2))),
      A.card = n →
        Erdos99.HasMinDist1 A →
          IsMinOn (fun B => Metric.diam ↑B) {B | B.card = n ∧ Erdos99.HasMinDist1 B} A →
            ∃ p ∈ A, ∃ q ∈ A, ∃ r ∈ A, Erdos99.FormsEquilateralTriangle p q r",fc-8432eac9-erdos99-erdos-99-d7cbeb1392-formalized-v1,fc-8432eac9-erdos99-erdos-99-ddd236eb23-counterexample-v1
green18-green-18,Green18.green_18,Green's open problem 18,greens-open-problems,3809.84,6314.50112,True,0,3.5,existential,5|11|20,https://conjectures.io/problems/green18-green-18,"True ↔
  ∀ α > 0,
    ∃ c > 0,
      ∃ m₀,
        ∀ (G : Type u_1) [inst : Group G] [inst_1 : Fintype G] [inst_2 : DecidableEq G] (A : Finset (G × G)),
          Fintype.card G ≥ m₀ →
            ↑A.card ≥ α * ↑(Fintype.card G) ^ 2 → ↑(Green18.numNaiveCorners A) ≥ c * ↑(Fintype.card G) ^ 3",fc-8432eac9-green18-green-18-4c527eac1c-formalized-v1,fc-8432eac9-green18-green-18-da46fe50de-counterexample-v1
green50-green-50,Green50.green_50,Green's open problem 50,greens-open-problems,3809.84,6314.50112,True,0,3.5,nat_domain|existential,5|11,https://conjectures.io/problems/green50-green-50,"True ↔
  ∃ C > 0,
    ∀ (n : ℕ) (A : Finset (𝔽₂ n)),
      A.Nonempty →
        have α := ↑A.dens;
        ∃ W v, v +ᵥ ↑W ⊆ ↑(10 • A) ∧ ↑n - C * Real.logb 2 (1 / α) ≤ ↑(Module.finrank (ZMod 2) ↥W)",fc-8432eac9-green50-green-50-cbd3416b3a-formalized-v1,fc-8432eac9-green50-green-50-e4dbba6ff6-counterexample-v1
green58-green-58,Green58.green_58,Green's open problem 58,greens-open-problems,3809.84,6314.50112,True,0,3.5,nat_domain|asymptotic|bounded_finite_range|existential,5|11,https://conjectures.io/problems/green58-green-58,"True ↔
  ∀ᶠ (N : ℕ) in Filter.atTop,
    ∀ A ⊆ Finset.Icc 1 N, ∀ B ⊆ Finset.Icc 1 N, ↑N ^ 0.49 ≤ ↑A.card → ↑N ^ 0.49 ≤ ↑B.card → ∃ m ∈ A + B, m.Composite",fc-8432eac9-green58-green-58-bf9df9f258-formalized-v1,fc-8432eac9-green58-green-58-0eb517d618-counterexample-v1
erdos1004-erdos-1004,Erdos1004.erdos_1004,Erdős problem 1004,erdos,3809.84,6314.50112,True,0,3.0,nat_domain|asymptotic|existential,11,https://conjectures.io/problems/erdos1004-erdos-1004,"True ↔ ∀ c > 0, ∀ᶠ (x : ℕ) in Filter.atTop, ∃ n ≤ x, Erdos1004.IsDistinctTotientRun n ⌊Real.log ↑x ^ c⌋₊",fc-8432eac9-erdos1004-erdos-1004-ffdaa1f71f-formalized-v1,fc-8432eac9-erdos1004-erdos-1004-94813e6c36-counterexample-v1
erdos11-erdos-11,Erdos11.erdos_11,Erdős problem 11,erdos,3809.84,6314.50112,True,0,3.0,nat_domain|existential,11,https://conjectures.io/problems/erdos11-erdos-11,"∀ (n : ℕ), Odd n → 1 < n → ∃ k l, Squarefree k ∧ n = k + 2 ^ l",fc-8432eac9-erdos11-erdos-11-8464cb7063-formalized-v1,fc-8432eac9-erdos11-erdos-11-4def85cfbc-counterexample-v1
erdos1106-erdos-1106-parts-ii,Erdos1106.erdos_1106.parts.ii,Erdős problem 1106 - part ii,erdos,3809.84,6314.50112,True,0,3.0,nat_domain|asymptotic|bounded_finite_range,11,https://conjectures.io/problems/erdos1106-erdos-1106-parts-ii,"True ↔ ∀ᶠ (n : ℕ) in Filter.atTop, (∏ i ∈ Finset.Icc 1 n, Erdos1106.p i).primeFactors.card > n",fc-8432eac9-parts-ii-b5402a4286-formalized-v1,fc-8432eac9-parts-ii-5a7082f40d-counterexample-v1
erdos233-erdos-233,Erdos233.erdos_233,Erdős problem 233,erdos,3809.84,6314.50112,True,0,3.0,asymptotic|bounded_finite_range,11,https://conjectures.io/problems/erdos233-erdos-233,"(fun N => ∑ n ∈ Finset.range N, ↑(primeGap n) ^ 2) =O[Filter.atTop] fun N => ↑N * Real.log ↑N ^ 2",fc-8432eac9-erdos233-erdos-233-2df835e0b6-formalized-v1,fc-8432eac9-erdos233-erdos-233-285db8b25c-counterexample-v1
erdos242-erdos-242-variants-schinzel-generalization,Erdos242.erdos_242.variants.schinzel_generalization,Erdős problem 242 - schinzel generalization,erdos,3809.84,6314.50112,True,0,3.0,nat_domain|asymptotic|existential,11,https://conjectures.io/problems/erdos242-erdos-242-variants-schinzel-generalization,"∀ (a : ℕ), 0 < a → ∀ᶠ (n : ℕ) in Filter.atTop, ∃ x y z, 1 ≤ x ∧ x < y ∧ y < z ∧ ↑a / ↑n = 1 / ↑x + 1 / ↑y + 1 / ↑z",fc-8432eac9-variants-schinzel-generalization-2a431e8038-formalized-v1,fc-8432eac9-variants-schinzel-generalization-1787ebde08-counterexample-v1
erdos269-erdos-269-variants-irrational,Erdos269.erdos_269.variants.irrational,Erdős problem 269 - irrational,erdos,3809.84,6314.50112,True,0,3.0,nat_domain,11,https://conjectures.io/problems/erdos269-erdos-269-variants-irrational,"True ↔ ∀ (P : Finset ℕ), (∀ p ∈ P, Nat.Prime p) → P.card ≥ 2 → Irrational (Erdos269.series ↑P)",fc-8432eac9-variants-irrational-39590f47c3-formalized-v1,fc-8432eac9-variants-irrational-1c3ca9f903-counterexample-v1
erdos3-erdos-3,Erdos3.erdos_3,Erdős problem 3,erdos,3809.84,6314.50112,True,0,3.0,summable|nat_domain|asymptotic|existential,11,https://conjectures.io/problems/erdos3-erdos-3,"True ↔ ∀ (A : Set ℕ), (¬Summable fun a => 1 / ↑↑a) → ∃ᶠ (k : ℕ) in Filter.atTop, ∃ S ⊆ A, S.IsAPOfLength ↑k",fc-8432eac9-erdos3-erdos-3-7e3ba376a4-formalized-v1,fc-8432eac9-erdos3-erdos-3-10c7c9967f-counterexample-v1
erdos340-erdos-340,Erdos340.erdos_340,Erdős problem 340,erdos,3809.84,6314.50112,True,0,3.0,asymptotic,5,https://conjectures.io/problems/erdos340-erdos-340,"∀ ε > 0, (fun n => √↑n / ↑n ^ ε) =O[Filter.atTop] fun n => ↑(Set.range Finset.greedySidon ∩ Set.Icc 1 n).ncard",fc-8432eac9-erdos340-erdos-340-d67931dd3f-formalized-v1,fc-8432eac9-erdos340-erdos-340-89d1d61792-counterexample-v1
erdos340-erdos-340-variants-sub-hasposdensity,Erdos340.erdos_340.variants.sub_hasPosDensity,Erdős problem 340 - sub has Pos Density,erdos,3809.84,6314.50112,True,0,3.0,,5,https://conjectures.io/problems/erdos340-erdos-340-variants-sub-hasposdensity,(Set.range Finset.greedySidon - Set.range Finset.greedySidon).HasPosDensity,fc-8432eac9-variants-sub-hasposdensity-a67ca314d4-formalized-v1,fc-8432eac9-variants-sub-hasposdensity-2eb17cb88a-counterexample-v1
erdos383-erdos-383,Erdos383.erdos_383,Erdős problem 383,erdos,3809.84,6314.50112,True,0,3.0,nat_domain|bounded_finite_range,11,https://conjectures.io/problems/erdos383-erdos-383,"True ↔ ∀ (k : ℕ), {p | Nat.Prime p ∧ (∏ i ∈ Finset.Icc 0 k, (p ^ 2 + i)).maxPrimeFac = p}.Infinite",fc-8432eac9-erdos383-erdos-383-19f5de633d-formalized-v1,fc-8432eac9-erdos383-erdos-383-c832461da4-counterexample-v1
erdos396-erdos-396,Erdos396.erdos_396,Erdős problem 396,erdos,3809.84,6314.50112,True,0,3.0,nat_domain|existential,11,https://conjectures.io/problems/erdos396-erdos-396,"True ↔ ∀ (k : ℕ), ∃ n, n.descFactorial (k + 1) ∣ n.centralBinom",fc-8432eac9-erdos396-erdos-396-3ad453b839-formalized-v1,fc-8432eac9-erdos396-erdos-396-8d6e1ca589-counterexample-v1
erdos677-erdos-677,Erdos677.erdos_677,Erdős problem 677,erdos,3809.84,6314.50112,True,0,3.0,nat_domain,11,https://conjectures.io/problems/erdos677-erdos-677,"∀ (m n k : ℕ), k > 0 → m ≥ n + k → Finset.lcmInterval m k ≠ Finset.lcmInterval n k",fc-8432eac9-erdos677-erdos-677-76ff90e091-formalized-v1,fc-8432eac9-erdos677-erdos-677-c378adf3c2-counterexample-v1
erdos680-erdos-680-parts-i,Erdos680.erdos_680.parts.i,Erdős problem 680 - part i,erdos,3809.84,6314.50112,True,0,3.0,nat_domain|asymptotic|existential,11,https://conjectures.io/problems/erdos680-erdos-680-parts-i,"True ↔ ∀ᶠ (n : ℕ) in Filter.atTop, ∃ k, k ≠ 0 ∧ (n + k).minFac > k ^ 2 + 1",fc-8432eac9-parts-i-1b2f35b7e5-formalized-v1,fc-8432eac9-parts-i-cbfbad15c5-counterexample-v1
erdos680-erdos-680-parts-ii,Erdos680.erdos_680.parts.ii,Erdős problem 680 - part ii,erdos,3809.84,6314.50112,True,0,3.0,nat_domain|asymptotic|existential,11,https://conjectures.io/problems/erdos680-erdos-680-parts-ii,"True ↔ ∀ ε > 0, ∃ C > 0, ¬∀ᶠ (n : ℕ) in Filter.atTop, ∃ k, k ≠ 0 ∧ ↑(n + k).minFac > Real.exp ((1 + ε) * √↑k) + C",fc-8432eac9-parts-ii-c86d370220-formalized-v1,fc-8432eac9-parts-ii-91fe080b4f-counterexample-v1
erdos699-erdos-699,Erdos699.erdos_699,Erdős problem 699,erdos,3809.84,6314.50112,True,0,3.0,nat_domain|existential,11,https://conjectures.io/problems/erdos699-erdos-699,"True ↔ ∀ (n i j : ℕ), 1 ≤ i → i < j → j ≤ n / 2 → ∃ p, Nat.Prime p ∧ i ≤ p ∧ p ∣ (n.choose i).gcd (n.choose j)",fc-8432eac9-erdos699-erdos-699-6cbf8d0b4b-formalized-v1,fc-8432eac9-erdos699-erdos-699-ee0608c704-counterexample-v1
erdos873-erdos-873,Erdos873.erdos_873,Erdős problem 873,erdos,3809.84,6314.50112,True,0,3.0,nat_domain|existential,11,https://conjectures.io/problems/erdos873-erdos-873,"True ↔ ∀ (a : ℕ → ℕ), ∀ ε > 0, 0 < a 0 → StrictMono a → ∃ k, ∀ X > 0, ↑↑(Erdos873.F a X k) < ↑(X ^ ε)",fc-8432eac9-erdos873-erdos-873-ce69190aed-formalized-v1,fc-8432eac9-erdos873-erdos-873-1395b88de3-counterexample-v1
erdos890-erdos-890-parts-a,Erdos890.erdos_890.parts.a,Erdős problem 890 - part a,erdos,3809.84,6314.50112,True,0,3.0,asymptotic|bounded_finite_range,11,https://conjectures.io/problems/erdos890-erdos-890-parts-a,"True ↔ ∀ k ≥ 1, Filter.liminf (fun n => ∑ i ∈ Finset.range k, ↑(Erdos890.omegaGt k (n + i))) Filter.atTop ≤ ↑k",fc-8432eac9-parts-a-797d976ea5-formalized-v1,fc-8432eac9-parts-a-5ff43c25fa-counterexample-v1
erdos985-erdos-985,Erdos985.erdos_985,Erdős problem 985,erdos,3809.84,6314.50112,True,0,3.0,nat_domain|existential,11,https://conjectures.io/problems/erdos985-erdos-985,"True ↔ ∀ (p : ℕ), Nat.Prime p → p ≠ 2 → ∃ q, Nat.Prime q ∧ q < p ∧ orderOf ↑q = p - 1",fc-8432eac9-erdos985-erdos-985-9b618cae4d-formalized-v1,fc-8432eac9-erdos985-erdos-985-c156c20563-counterexample-v1
erdos1068-erdos-1068,Erdos1068.erdos_1068,Erdős problem 1068,erdos,3809.84,6314.50112,True,0,2.5,graph|existential,5,https://conjectures.io/problems/erdos1068-erdos-1068,"True ↔
  ∀ (V : Type) (G : SimpleGraph V),
    G.chromaticCardinal = Cardinal.aleph 1 → ∃ s, s.Countable ∧ (SimpleGraph.induce s G).InfinitelyConnected",fc-8432eac9-erdos1068-erdos-1068-ae0ceb1b03-formalized-v1,fc-8432eac9-erdos1068-erdos-1068-ec19bd712f-counterexample-v1
erdos1073-erdos-1073,Erdos1073.erdos_1073,Erdős problem 1073,erdos,3809.84,6314.50112,True,0,2.5,nat_domain|asymptotic|existential,11,https://conjectures.io/problems/erdos1073-erdos-1073,"True ↔ ∃ o, o =o[Filter.atTop] 1 ∧ ∀ (x : ℕ), Erdos1073.A x ≤ ↑x ^ o x",fc-8432eac9-erdos1073-erdos-1073-5af0581a8b-formalized-v1,fc-8432eac9-erdos1073-erdos-1073-a064fc3f2d-counterexample-v1
erdos108-erdos-108,Erdos108.erdos_108,Erdős problem 108,erdos,3809.84,6314.50112,True,0,2.5,graph|existential,5,https://conjectures.io/problems/erdos108-erdos-108,"True ↔
  ∀ r ≥ 4,
    ∀ k ≥ 2,
      ∃ f,
        ∀ (V : Type u) (G : SimpleGraph V),
          Nonempty V → ↑f ≤ G.chromaticNumber → ∃ H, H.coe.girth ≥ r ∧ H.coe.chromaticNumber ≥ ↑k",fc-8432eac9-erdos108-erdos-108-1c42f1275e-formalized-v1,fc-8432eac9-erdos108-erdos-108-1c556adba6-counterexample-v1
erdos1095-erdos-1095-variants-lower-conjecture,Erdos1095.erdos_1095.variants.lower_conjecture,Erdős problem 1095 - lower conjecture,erdos,3809.84,6314.50112,True,0,2.5,nat_domain|asymptotic|existential,11,https://conjectures.io/problems/erdos1095-erdos-1095-variants-lower-conjecture,"∃ c > 0, ∀ᶠ (k : ℕ) in Filter.atTop, ↑(Erdos1095.g k) ≥ Real.exp (c * ↑k / Real.log ↑k)",fc-8432eac9-variants-lower-conjecture-28c7646ed5-formalized-v1,fc-8432eac9-variants-lower-conjecture-36008155f7-counterexample-v1
erdos1108-erdos-1108-parts-i,Erdos1108.erdos_1108.parts.i,Erdős problem 1108 - part i,erdos,3809.84,6314.50112,True,0,2.5,existential,11,https://conjectures.io/problems/erdos1108-erdos-1108-parts-i,"True ↔ ∀ k ≥ 2, {a | a ∈ Erdos1108.FactorialSums ∧ ∃ m, m ^ k = a}.Finite",fc-8432eac9-parts-i-81298dbfc4-formalized-v1,fc-8432eac9-parts-i-a3c2efe647-counterexample-v1
erdos1135-erdos-1135,Erdos1135.erdos_1135,Erdős problem 1135,erdos,3809.84,6314.50112,True,0,2.5,existential,11|37,https://conjectures.io/problems/erdos1135-erdos-1135,"∀ n > 0, ∃ m, CollatzConjecture.collatzStep^[m] n = 1",fc-8432eac9-erdos1135-erdos-1135-eee088b758-formalized-v1,fc-8432eac9-erdos1135-erdos-1135-6340349fdd-counterexample-v1
erdos1209-erdos-1209-parts-iii-d,Erdos1209.erdos_1209.parts.iii.d,Erdős problem 1209 - part iii d,erdos,3809.84,6314.50112,True,0,2.5,existential,11,https://conjectures.io/problems/erdos1209-erdos-1209-parts-iii-d,"True ↔ ∃ n, {k | Squarefree (n + 2 ^ 2 ^ k)}.Infinite",fc-8432eac9-iii-d-3fc5018b8f-formalized-v1,fc-8432eac9-iii-d-5ed45d2427-counterexample-v1
erdos14-erdos-14-parts-ii,Erdos14.erdos_14.parts.ii,Erdős problem 14 - part ii,erdos,3809.84,6314.50112,True,0,2.5,asymptotic|existential,11,https://conjectures.io/problems/erdos14-erdos-14-parts-ii,"True ↔ ∃ A, Erdos14.nonUniqueSumCount A =o[Filter.atTop] Erdos14.squareRoot",fc-8432eac9-parts-ii-f47b7e8f79-formalized-v1,fc-8432eac9-parts-ii-837c84619c-counterexample-v1
erdos141-erdos-141-variants-eleven,Erdos141.erdos_141.variants.eleven,Erdős problem 141 - eleven,erdos,3809.84,6314.50112,True,0,2.5,existential,5|11,https://conjectures.io/problems/erdos141-erdos-141-variants-eleven,"True ↔ ∃ s, Erdos141.Set.IsAPAndPrimeProgressionOfLength s 11",fc-8432eac9-variants-eleven-e23b02f8a9-formalized-v1,fc-8432eac9-variants-eleven-47b1cc153a-counterexample-v1
erdos212-erdos-212,Erdos212.erdos_212,Erdős problem 212,erdos,3809.84,6314.50112,True,0,2.5,rational_domain|existential,52,https://conjectures.io/problems/erdos212-erdos-212,"True ↔ ∃ u, Dense u ∧ u.Pairwise fun c₁ c₂ => dist c₁ c₂ ∈ Set.range Rat.cast",fc-8432eac9-erdos212-erdos-212-3118a387be-formalized-v1,fc-8432eac9-erdos212-erdos-212-a5cada5ab0-counterexample-v1
erdos244-erdos-244,Erdos244.erdos_244,Erdős problem 244,erdos,3809.84,6314.50112,True,0,2.5,nat_domain|existential,11,https://conjectures.io/problems/erdos244-erdos-244,"True ↔ ∀ C > 1, 0 < {x | ∃ p k, ∃ (_ : Nat.Prime p), p + ⌊C ^ k⌋₊ = x}.lowerDensity",fc-8432eac9-erdos244-erdos-244-8f772ee4fc-formalized-v1,fc-8432eac9-erdos244-erdos-244-18958b15e2-counterexample-v1
erdos364-erdos-364,Erdos364.erdos_364,Erdős problem 364,erdos,3809.84,6314.50112,True,0,2.5,existential,11,https://conjectures.io/problems/erdos364-erdos-364,"¬∃ n, n.Powerful ∧ (n + 1).Powerful ∧ (n + 2).Powerful",fc-8432eac9-erdos364-erdos-364-798529c3b5-formalized-v1,fc-8432eac9-erdos364-erdos-364-402edb8c4b-counterexample-v1
erdos409-erdos-409-variants-sigma-termination,Erdos409.erdos_409.variants.sigma_termination,Erdős problem 409 - sigma termination,erdos,3809.84,6314.50112,True,0,2.5,nat_domain|existential,11,https://conjectures.io/problems/erdos409-erdos-409-variants-sigma-termination,"∀ n > 1, ∃ i, Nat.Prime ((fun x => (ArithmeticFunction.sigma 1) x - 1)^[i] n)",fc-8432eac9-variants-sigma-termination-b75306a9bb-formalized-v1,fc-8432eac9-variants-sigma-termination-9a7b728149-counterexample-v1
erdos412-erdos-412,Erdos412.erdos_412,Erdős problem 412,erdos,3809.84,6314.50112,True,0,2.5,existential,11,https://conjectures.io/problems/erdos412-erdos-412,"True ↔ ∀ m ≥ 2, ∀ n ≥ 2, ∃ i j, (⇑(ArithmeticFunction.sigma 1))^[i] m = (⇑(ArithmeticFunction.sigma 1))^[j] n",fc-8432eac9-erdos412-erdos-412-0b53af1705-formalized-v1,fc-8432eac9-erdos412-erdos-412-5cfc4fc094-counterexample-v1
erdos414-erdos-414,Erdos414.erdos_414,Erdős problem 414,erdos,3809.84,6314.50112,True,0,2.5,existential,11,https://conjectures.io/problems/erdos414-erdos-414,"True ↔ ∀ m > 0, ∀ n > 0, ∃ i j, Erdos414.h^[i] m = Erdos414.h^[j] n",fc-8432eac9-erdos414-erdos-414-af60a48e81-formalized-v1,fc-8432eac9-erdos414-erdos-414-79a4dde4f0-counterexample-v1
erdos535-erdos-535,Erdos535.erdos_535,Erdős problem 535,erdos,3809.84,6314.50112,True,0,2.5,nat_domain|asymptotic|existential,5|11,https://conjectures.io/problems/erdos535-erdos-535,"∀ r ≥ 3, ∃ c > 0, ∀ᶠ (N : ℕ) in Filter.atTop, ↑(Erdos535.f r N) ≤ ↑N ^ (c / Real.log (Real.log ↑N))",fc-8432eac9-erdos535-erdos-535-7967af1290-formalized-v1,fc-8432eac9-erdos535-erdos-535-313ad0943f-counterexample-v1
erdos535-erdos-535-variants-first-open-case,Erdos535.erdos_535.variants.first_open_case,Erdős problem 535 - first open case,erdos,3809.84,6314.50112,True,0,2.5,nat_domain|asymptotic|existential,5|11,https://conjectures.io/problems/erdos535-erdos-535-variants-first-open-case,"∃ c > 0, ∀ᶠ (N : ℕ) in Filter.atTop, ↑(Erdos535.f 3 N) ≤ ↑N ^ (c / Real.log (Real.log ↑N))",fc-8432eac9-variants-first-open-case-b42db015f6-formalized-v1,fc-8432eac9-variants-first-open-case-7a8ca184f0-counterexample-v1
erdos564-erdos-564,Erdos564.erdos_564,Erdős problem 564,erdos,3809.84,6314.50112,True,0,2.5,nat_domain|asymptotic|existential,5,https://conjectures.io/problems/erdos564-erdos-564,"True ↔ ∃ c > 0, ∀ᶠ (n : ℕ) in Filter.atTop, 2 ^ 2 ^ (c * n) ≤ ↑(Combinatorics.hypergraphRamsey 3 n)",fc-8432eac9-erdos564-erdos-564-49cfd6f41f-formalized-v1,fc-8432eac9-erdos564-erdos-564-7b195a5785-counterexample-v1
erdos66-erdos-66,Erdos66.erdos_66,Erdős problem 66,erdos,3809.84,6314.50112,True,0,2.5,asymptotic|existential,11,https://conjectures.io/problems/erdos66-erdos-66,"True ↔ ∃ A c, c ≠ 0 ∧ Filter.Tendsto (fun n => ↑(AdditiveCombinatorics.sumRep A n) / Real.log ↑n) Filter.atTop (nhds c)",fc-8432eac9-erdos66-erdos-66-3f04bbff7d-formalized-v1,fc-8432eac9-erdos66-erdos-66-4d5e301b0d-counterexample-v1
erdos723-erdos-723-variants-eq-12,Erdos723.erdos_723.variants.eq_12,Erdős problem 723 - eq 12,erdos,3809.84,6314.50112,True,0,2.5,existential,5,https://conjectures.io/problems/erdos723-erdos-723-variants-eq-12,"True ↔ ∃ P L x x_1 x_2 pp, Configuration.ProjectivePlane.order P L = 12",fc-8432eac9-variants-eq-12-b3385e3610-formalized-v1,fc-8432eac9-variants-eq-12-53948ce2d9-counterexample-v1
erdos829-erdos-829,Erdos829.erdos_829,Erdős problem 829,erdos,3809.84,6314.50112,True,0,2.5,asymptotic|existential,11,https://conjectures.io/problems/erdos829-erdos-829,"True ↔ ∃ C, (fun n => ↑(AdditiveCombinatorics.sumRep Erdos829.cubes n)) =O[Filter.atTop] fun n => Real.log ↑n ^ C",fc-8432eac9-erdos829-erdos-829-cf820012a1-formalized-v1,fc-8432eac9-erdos829-erdos-829-0bb79baed0-counterexample-v1
erdos835-erdos-835,Erdos835.erdos_835,Erdős problem 835,erdos,3809.84,6314.50112,True,0,2.5,existential,5,https://conjectures.io/problems/erdos835-erdos-835,"(∃ k > 2, Erdos835.Property k) ↔ True",fc-8432eac9-erdos835-erdos-835-6af7c08e86-formalized-v1,fc-8432eac9-erdos835-erdos-835-8e5f909510-counterexample-v1
erdos849-erdos-849,Erdos849.erdos_849,Erdős problem 849,erdos,3809.84,6314.50112,True,0,2.5,existential,11,https://conjectures.io/problems/erdos849-erdos-849,"True ↔ ∀ t ≥ 1, ∃ a, {n | ∃ k ≥ 1, 2 * k ≤ n ∧ n.choose k = a}.ncard = t",fc-8432eac9-erdos849-erdos-849-752fc4c715-formalized-v1,fc-8432eac9-erdos849-erdos-849-669aacb8c1-counterexample-v1
erdos885-erdos-885,Erdos885.erdos_885,Erdős problem 885,erdos,3809.84,6314.50112,True,0,2.5,existential,11,https://conjectures.io/problems/erdos885-erdos-885,"True ↔ ∀ k ≥ 1, ∃ Ns, (∀ n ∈ Ns, 1 ≤ n) ∧ Ns.card = k ∧ (⋂ n ∈ Ns, Erdos885.factorDifferenceSet n).ncard ≥ k",fc-8432eac9-erdos885-erdos-885-01c7d1c4c3-formalized-v1,fc-8432eac9-erdos885-erdos-885-a2f569a26c-counterexample-v1
erdos912-erdos-912,Erdos912.erdos_912,Erdős problem 912,erdos,3809.84,6314.50112,True,0,2.5,asymptotic|existential,11,https://conjectures.io/problems/erdos912-erdos-912,"∃ c > 0, Asymptotics.IsEquivalent Filter.atTop (fun n => ↑(Erdos912.h n)) fun n => c * (↑n / Real.log ↑n) ^ (1 / 2)",fc-8432eac9-erdos912-erdos-912-da22363504-formalized-v1,fc-8432eac9-erdos912-erdos-912-7651c24b28-counterexample-v1
erdos952-erdos-952,Erdos952.erdos_952,Erdős problem 952,erdos,3809.84,6314.50112,True,0,2.5,nat_domain|existential,11,https://conjectures.io/problems/erdos952-erdos-952,"True ↔ ∃ x C, Function.Injective x ∧ ∀ (n : ℕ), Prime (x n) ∧ Zsqrtd.norm (x (n + 1) - x n) < C",fc-8432eac9-erdos952-erdos-952-1257ba46ce-formalized-v1,fc-8432eac9-erdos952-erdos-952-5926892b5a-counterexample-v1
green41-green-41-variants-polynomial-bound,Green41.green_41.variants.polynomial_bound,Green's open problem 41 - polynomial bound,greens-open-problems,3809.84,6314.50112,True,0,2.5,existential,51|52,https://conjectures.io/problems/green41-green-41-variants-polynomial-bound,"True ↔ ∃ C, ∃ ε₀ > 0, ∀ ε ∈ Set.Ioc 0 ε₀, ↑(Green41.minCopies ε) ≤ ε ^ (-C)",fc-8432eac9-variants-polynomial-bound-126a612ebd-formalized-v1,fc-8432eac9-variants-polynomial-bound-b41380afd8-counterexample-v1
green9-green-9-ii,Green9.green_9_ii,Green's open problem 9 - ii,greens-open-problems,3809.84,6314.50112,True,0,2.5,asymptotic|existential,5,https://conjectures.io/problems/green9-green-9-ii,"True ↔ ∃ c > 0, (fun N => ↑(Green9.r 5 N)) =O[Filter.atTop] fun N => ↑N * Real.log ↑N ^ (-c)",fc-8432eac9-green9-green-9-ii-dfb440d84d-formalized-v1,fc-8432eac9-green9-green-9-ii-3e15385a8b-counterexample-v1
erdos1137-erdos-1137,Erdos1137.erdos_1137,Erdős problem 1137,erdos,3809.84,6314.50112,True,0,2.0,asymptotic|bounded_finite_range,11,https://conjectures.io/problems/erdos1137-erdos-1137,"True ↔
  Filter.Tendsto
    (fun x => ↑((Finset.range x).sup fun n => primeGap n * primeGap (n - 1)) / ↑((Finset.range x).sup primeGap) ^ 2)
    Filter.atTop (nhds 0)",fc-8432eac9-erdos1137-erdos-1137-a887e1b05b-formalized-v1,fc-8432eac9-erdos1137-erdos-1137-d8f797a124-counterexample-v1
erdos463-erdos-463,Erdos463.erdos_463,Erdős problem 463,erdos,3809.84,6314.50112,True,0,2.0,nat_domain|asymptotic|existential,11,https://conjectures.io/problems/erdos463-erdos-463,"True ↔
  ∃ f,
    ∃ (_ : Filter.Tendsto f Filter.atTop Filter.atTop),
      ∀ᶠ (n : ℕ) in Filter.atTop, ∃ m, m.Composite ∧ n + f n < m ∧ m < n + m.minFac",fc-8432eac9-erdos463-erdos-463-edc6b11e00-formalized-v1,fc-8432eac9-erdos463-erdos-463-3f7ff4ebc0-counterexample-v1
erdos774-erdos-774,Erdos774.erdos_774,Erdős problem 774,erdos,3809.84,6314.50112,True,0,2.0,nat_domain|existential,5,https://conjectures.io/problems/erdos774-erdos-774,"True ↔
  ∀ (A : Set ℕ), A.Infinite → A.IsProportionatelyDissociated → ∃ T, (∀ S ∈ T, S.IsDissociated) ∧ T.Finite ∧ A = ⋃₀ T",fc-8432eac9-erdos774-erdos-774-24a2c6813c-formalized-v1,fc-8432eac9-erdos774-erdos-774-c1ff48dac3-counterexample-v1
erdos931-erdos-931,Erdos931.erdos_931,Erdős problem 931,erdos,3809.84,6314.50112,True,0,2.0,nat_domain|bounded_finite_range,11,https://conjectures.io/problems/erdos931-erdos-931,"True ↔
  ∀ (k₁ k₂ : ℕ),
    k₂ ≥ 3 →
      k₂ ≤ k₁ →
        {(n₁, n₂) |
            n₁ + k₁ ≤ n₂ ∧
              (∏ i ∈ Finset.Icc 1 k₁, (n₁ + i)).primeFactors = (∏ j ∈ Finset.Icc 1 k₂, (n₂ + j)).primeFactors}.Finite",fc-8432eac9-erdos931-erdos-931-430f1b6080-formalized-v1,fc-8432eac9-erdos931-erdos-931-9fe5c80b49-counterexample-v1
erdos932-erdos-932,Erdos932.erdos_932,Erdős problem 932,erdos,3809.84,6314.50112,True,0,2.0,nat_domain,11,https://conjectures.io/problems/erdos932-erdos-932,"{r |
    2 ≤
      {m ∈ Finset.Ioo (Nat.nth Nat.Prime r) (Nat.nth Nat.Prime r.succ) |
          m.maxPrimeFac < Nat.nth Nat.Prime r.succ - Nat.nth Nat.Prime r}.card}.Infinite",fc-8432eac9-erdos932-erdos-932-8fb4446e12-formalized-v1,fc-8432eac9-erdos932-erdos-932-d2806966f1-counterexample-v1
erdos978-erdos-978-parts-ii,Erdos978.erdos_978.parts.ii,Erdős problem 978 - part ii,erdos,3809.84,6314.50112,True,0,2.0,nat_domain|existential,11,https://conjectures.io/problems/erdos978-erdos-978-parts-ii,"True ↔
  ∀ {f : Polynomial ℤ},
    Irreducible f →
      f.natDegree > 3 →
        (¬∃ l, f.natDegree = 2 ^ l) →
          0 < f.leadingCoeff →
            (∀ (p : ℕ), Nat.Prime p → ∃ n, ¬↑p ^ (f.natDegree - 2) ∣ Polynomial.eval (↑n) f) →
              {n | Powerfree (f.natDegree - 2) (Polynomial.eval (↑n) f)}.Infinite",fc-8432eac9-parts-ii-284525def8-formalized-v1,fc-8432eac9-parts-ii-7c65d691f1-counterexample-v1
green12-green-12,Green12.green_12,Green's open problem 12,greens-open-problems,3809.84,6314.50112,True,0,2.0,,5|11,https://conjectures.io/problems/green12-green-12,"True ↔
  ∀ {G : Type u_1} [inst : AddCommGroup G] [inst_1 : Fintype G] [inst_2 : DecidableEq G] (A : Finset G),
    have N := Fintype.card G;
    have α := ↑A.card / ↑N;
    have valid_tuples := {t | ∀ (i j : Fin 5), j ∈ {i, i + 1, i + 2} → t.1 i + t.2 j ∈ A};
    ↑valid_tuples.card ≥ α ^ 15 * ↑N ^ 10",fc-8432eac9-green12-green-12-e101fb9be2-formalized-v1,fc-8432eac9-green12-green-12-c0f31dd43e-counterexample-v1
green2-green-2,Green2.green_2,Green's open problem 2,greens-open-problems,3809.84,6314.50112,True,0,2.0,nat_domain|asymptotic,11,https://conjectures.io/problems/green2-green-2,"True ↔
  ∀ᶠ (n : ℕ) in Filter.atTop,
    ∀ (A : Finset ℤ), A.card = n → ↑(Green2.maxRestrictedSumAvoidingSubsetSize A) ≥ Real.log ↑n ^ 100",fc-8432eac9-green2-green-2-e7491c463d-formalized-v1,fc-8432eac9-green2-green-2-19ee08fe44-counterexample-v1
erdos1072-erdos-1072-parts-ii,Erdos1072.erdos_1072.parts.ii,Erdős problem 1072 - part ii,erdos,3809.84,6314.50112,True,0,1.5,nat_domain|asymptotic|existential,11,https://conjectures.io/problems/erdos1072-erdos-1072-parts-ii,"True ↔
  ∃ P ⊆ {p | Nat.Prime p},
    P.HasDensity 1 {p | Nat.Prime p} ∧
      Filter.Tendsto (fun p => ↑(Erdos1072.f p) / ↑p) (Filter.atTop ⊓ Filter.principal P) (nhds 0)",fc-8432eac9-parts-ii-8476065b32-formalized-v1,fc-8432eac9-parts-ii-3246f068bf-counterexample-v1
erdos145-erdos-145,Erdos145.erdos_145,Erdős problem 145,erdos,3809.84,6314.50112,True,0,1.5,asymptotic|existential,11,https://conjectures.io/problems/erdos145-erdos-145,"True ↔
  ∀ α ≥ 0,
    ∃ β,
      Filter.Tendsto (fun x => 1 / x * ∑ n ∈ Erdos145.A x, (↑(Erdos145.s (n + 1)) - ↑(Erdos145.s n)) ^ α) Filter.atTop
        (nhds β)",fc-8432eac9-erdos145-erdos-145-b2f7799fbd-formalized-v1,fc-8432eac9-erdos145-erdos-145-81b8363842-counterexample-v1
erdos238-erdos-238,Erdos238.erdos_238,Erdős problem 238,erdos,3809.84,6314.50112,True,0,1.5,nat_domain|asymptotic|existential,11,https://conjectures.io/problems/erdos238-erdos-238,"True ↔
  ∀ c₁ > 0,
    ∀ c₂ > 0,
      ∀ᶠ (x : ℝ) in Filter.atTop,
        ∃ k,
          c₁ * Real.log x < ↑k ∧
            ∃ f m,
              (∀ (i : Fin k), ↑(f i) ≤ x ∧ f i = Nat.nth Nat.Prime (m + ↑i)) ∧
                ∀ (i : Fin (k - 1)), c₂ < primeGap (m + ↑i)",fc-8432eac9-erdos238-erdos-238-346926c5b3-formalized-v1,fc-8432eac9-erdos238-erdos-238-308bcaf41b-counterexample-v1
erdos364-erdos-364-variants-strong,Erdos364.erdos_364.variants.strong,Erdős problem 364 - strong,erdos,3809.84,6314.50112,True,0,1.5,nat_domain|existential,11,https://conjectures.io/problems/erdos364-erdos-364-variants-strong,"∃ c,
  ∃ (_ : c > 0), ∀ (k : ℕ), ↑(Nat.nth Nat.Powerful (k + 2)) - ↑(Nat.nth Nat.Powerful k) > ↑(Nat.nth Nat.Powerful k) ^ c",fc-8432eac9-variants-strong-4481dbdb84-formalized-v1,fc-8432eac9-variants-strong-6c5b9b2380-counterexample-v1
erdos39-erdos-39,Erdos39.erdos_39,Erdős problem 39,erdos,3809.84,6314.50112,True,0,1.5,asymptotic|existential,11,https://conjectures.io/problems/erdos39-erdos-39,"True ↔
  ∃ A, A.Infinite ∧ IsSidon A ∧ ∀ ε > 0, (fun x => ↑x ^ (1 / 2 - ε)) =O[Filter.atTop] fun N => ↑(Set.Icc 1 N ∩ A).ncard",fc-8432eac9-erdos39-erdos-39-349c8c226f-formalized-v1,fc-8432eac9-erdos39-erdos-39-e34c1de69a-counterexample-v1
erdos428-erdos-428,Erdos428.erdos_428,Erdős problem 428,erdos,3809.84,6314.50112,True,0,1.5,nat_domain|asymptotic|existential,11,https://conjectures.io/problems/erdos428-erdos-428,"True ↔
  ∃ A,
    (∃ᶠ (n : ℕ) in Filter.atTop, ∀ a ∈ A, 0 < a → a < n → Nat.Prime (n - a)) ∧
      Filter.liminf (fun n => Erdos428.primeDensityRatio A n) Filter.atTop > 0",fc-8432eac9-erdos428-erdos-428-9ba9f02cab-formalized-v1,fc-8432eac9-erdos428-erdos-428-3e378035e9-counterexample-v1
erdos50-erdos-50,Erdos50.erdos_50,Erdős problem 50,erdos,3809.84,6314.50112,True,0,1.5,existential,11,https://conjectures.io/problems/erdos50-erdos-50,"True ↔
  ∀ (f : ℝ → ℝ), Erdos50.IsDistributionOfPhiRatio f → ¬∃ x ∈ Set.Icc 0 1, ∃ y > 0, HasDerivWithinAt f y (Set.Icc 0 1) x",fc-8432eac9-erdos50-erdos-50-a83b4dd17c-formalized-v1,fc-8432eac9-erdos50-erdos-50-82e62a7369-counterexample-v1
erdos51-erdos-51,Erdos51.erdos_51,Erdős problem 51,erdos,3809.84,6314.50112,True,0,1.5,nat_domain|asymptotic|existential,11,https://conjectures.io/problems/erdos51-erdos-51,"True ↔
  ∃ A n,
    A.Infinite ∧
      (∀ (a : ↑A), IsLeast (Nat.totient ⁻¹' {↑a}) (n a)) ∧
        Filter.Tendsto (fun a => ↑(n a) / ↑↑a) Filter.atTop Filter.atTop",fc-8432eac9-erdos51-erdos-51-ca489e358c-formalized-v1,fc-8432eac9-erdos51-erdos-51-ee2daa702f-counterexample-v1
erdos695-erdos-695-variants-upperbound,Erdos695.erdos_695.variants.upperBound,Erdős problem 695 - upper Bound,erdos,3809.84,6314.50112,True,0,1.5,nat_domain|asymptotic|existential,11,https://conjectures.io/problems/erdos695-erdos-695-variants-upperbound,"True ↔
  ∃ q,
    StrictMono q ∧
      (∀ (i : ℕ), Nat.Prime (q i)) ∧
        (∀ (i : ℕ), q (i + 1) % q i = 1) ∧
          ∃ o, o =o[Filter.atTop] 1 ∧ ∀ (k : ℕ), ↑(q k) ≤ Real.exp ((↑k + 1) * Real.log (↑k + 1) ^ (1 + o k))",fc-8432eac9-variants-upperbound-c8aca593fa-formalized-v1,fc-8432eac9-variants-upperbound-207ea23151-counterexample-v1
erdos812-erdos-812-parts-i,Erdos812.erdos_812.parts.i,Erdős problem 812 - part i,erdos,3809.84,6314.50112,True,0,1.5,nat_domain|asymptotic|existential,5,https://conjectures.io/problems/erdos812-erdos-812-parts-i,"True ↔
  ∃ c > 0,
    ∀ᶠ (n : ℕ) in Filter.atTop,
      ↑(Combinatorics.hypergraphRamsey 2 (n + 1)) / ↑(Combinatorics.hypergraphRamsey 2 n) ≥ 1 + c",fc-8432eac9-parts-i-4d28c4e26a-formalized-v1,fc-8432eac9-parts-i-735847876b-counterexample-v1
erdos859-erdos-859,Erdos859.erdos_859,Erdős problem 859,erdos,3809.84,6314.50112,True,0,1.5,asymptotic|existential,11,https://conjectures.io/problems/erdos859-erdos-859,"∃ c₁ > 0,
  ∃ c₂ > 0,
    ∃ d,
      (∀ t > 0, (Erdos859.DivisorSumSet t).HasDensity (d t)) ∧
        Asymptotics.IsEquivalent Filter.atTop (fun t => d t) fun t => c₁ / Real.log ↑t ^ c₂",fc-8432eac9-erdos859-erdos-859-0d3afc23e8-formalized-v1,fc-8432eac9-erdos859-erdos-859-0087a1d40d-counterexample-v1
erdos942-erdos-942,Erdos942.erdos_942,Erdős problem 942,erdos,3809.84,6314.50112,True,0,1.5,nat_domain|asymptotic|existential,11,https://conjectures.io/problems/erdos942-erdos-942,"True ↔
  ∃ c > 0,
    ∃ o,
      o =o[Filter.atTop] 1 ∧
        (∀ᶠ (n : ℕ) in Filter.atTop, ↑(Erdos942.erdos_942.h n) < Real.log ↑n ^ (c + o n)) ∧
          {n | ↑(Erdos942.erdos_942.h n) > Real.log ↑n ^ (c - o n)}.Infinite",fc-8432eac9-erdos942-erdos-942-78560179cc-formalized-v1,fc-8432eac9-erdos942-erdos-942-d7e8f365e3-counterexample-v1
erdos943-erdos-943,Erdos943.erdos_943,Erdős problem 943,erdos,3809.84,6314.50112,True,0,1.5,nat_domain|asymptotic|existential,11,https://conjectures.io/problems/erdos943-erdos-943,"True ↔ ∃ o, o =o[Filter.atTop] 1 ∧ ∀ᶠ (n : ℕ) in Filter.atTop, ↑(AdditiveCombinatorics.sumRep Nat.Powerful n) ≤ ↑n ^ o n",fc-8432eac9-erdos943-erdos-943-f9b51eba3c-formalized-v1,fc-8432eac9-erdos943-erdos-943-c6533d3ce2-counterexample-v1
erdos975-erdos-975,Erdos975.erdos_975,Erdős problem 975,erdos,3809.84,6314.50112,True,0,1.5,asymptotic|existential,11,https://conjectures.io/problems/erdos975-erdos-975,"True ↔
  ∀ (f : Polynomial ℤ),
    f.natDegree ≠ 0 →
      Irreducible f →
        (∀ᶠ (n : ℤ) in Filter.atTop, 1 ≤ Polynomial.eval n f) →
          ∃ c > 0, Filter.Tendsto (fun x => Erdos975.Erdos975Sum f x / (x * Real.log x)) Filter.atTop (nhds c)",fc-8432eac9-erdos975-erdos-975-bf0c9a6037-formalized-v1,fc-8432eac9-erdos975-erdos-975-1b401e7210-counterexample-v1
erdos1003-erdos-1003,Erdos1003.erdos_1003,Erdős problem 1003,erdos,3809.84,6314.50112,True,1,1.0,,11,https://conjectures.io/problems/erdos1003-erdos-1003,True ↔ {n | n.totient = (n + 1).totient}.Infinite,fc-8432eac9-erdos1003-erdos-1003-cae9020d60-formalized-v1,fc-8432eac9-erdos1003-erdos-1003-6c7d304a78-counterexample-v1
erdos1049-erdos-1049,Erdos1049.erdos_1049,Erdős problem 1049,erdos,3809.84,6314.50112,True,1,1.0,nat_domain,11,https://conjectures.io/problems/erdos1049-erdos-1049,"True ↔ ∀ t > 1, Irrational (∑' (n : ℕ+), 1 / (↑t ^ ↑n - 1))",fc-8432eac9-erdos1049-erdos-1049-e96d168f17-formalized-v1,fc-8432eac9-erdos1049-erdos-1049-e4cd8ab0d1-counterexample-v1
erdos1057-erdos-1057,Erdos1057.erdos_1057,Erdős problem 1057,erdos,3809.84,6314.50112,True,0,1.0,asymptotic,11,https://conjectures.io/problems/erdos1057-erdos-1057,True ↔ Filter.Tendsto (fun x => Real.log (Erdos1057.carmichaelCounting x) / Real.log x) Filter.atTop (nhds 1),fc-8432eac9-erdos1057-erdos-1057-925fe7d911-formalized-v1,fc-8432eac9-erdos1057-erdos-1057-af20ef38ee-counterexample-v1
erdos1072-erdos-1072-parts-i,Erdos1072.erdos_1072.parts.i,Erdős problem 1072 - part i,erdos,3809.84,6314.50112,True,0,1.0,nat_domain,11,https://conjectures.io/problems/erdos1072-erdos-1072-parts-i,True ↔ {p | Nat.Prime p ∧ Erdos1072.f p = p - 1}.Infinite,fc-8432eac9-parts-i-e9a56a557a-formalized-v1,fc-8432eac9-parts-i-6f12b713c1-counterexample-v1
erdos1074-erdos-1074-variants-ehsnumbers-one-half,Erdos1074.erdos_1074.variants.EHSNumbers_one_half,Erdős problem 1074 - EHS Numbers one half,erdos,3809.84,6314.50112,True,0,1.0,,11,https://conjectures.io/problems/erdos1074-erdos-1074-variants-ehsnumbers-one-half,Erdos1074.EHSNumbers.HasDensity (1 / 2),fc-8432eac9-variants-ehsnumbers-one-half-dca2836c18-formalized-v1,fc-8432eac9-variants-ehsnumbers-one-half-51b3c3de73-counterexample-v1
erdos1085-erdos-1085-variants-upper-d3,Erdos1085.erdos_1085.variants.upper_d3,Erdős problem 1085 - upper d 3,erdos,3809.84,6314.50112,True,0,1.0,asymptotic,52,https://conjectures.io/problems/erdos1085-erdos-1085-variants-upper-d3,True ↔ (fun n => ↑(Erdos1085.f 3 n)) =O[Filter.atTop] fun n => ↑n ^ (4 / 3) * Real.log (Real.log ↑n),fc-8432eac9-variants-upper-d3-0c3202747f-formalized-v1,fc-8432eac9-variants-upper-d3-ce144238e9-counterexample-v1
erdos1094-erdos-1094,Erdos1094.erdos_1094,Erdős problem 1094,erdos,3809.84,6314.50112,True,0,1.0,,11,https://conjectures.io/problems/erdos1094-erdos-1094,"{(n, k) | 0 < k ∧ 2 * k ≤ n ∧ (n.choose k).minFac > max (n / k) k}.Finite",fc-8432eac9-erdos1094-erdos-1094-bd81da93da-formalized-v1,fc-8432eac9-erdos1094-erdos-1094-4d4a96e873-counterexample-v1
erdos1095-erdos-1095-variants-log-istheta,Erdos1095.erdos_1095.variants.log_isTheta,Erdős problem 1095 - log is Theta,erdos,3809.84,6314.50112,True,0,1.0,asymptotic,11,https://conjectures.io/problems/erdos1095-erdos-1095-variants-log-istheta,(fun k => Real.log ↑(Erdos1095.g k)) =Θ[Filter.atTop] fun k => ↑k / Real.log ↑k,fc-8432eac9-variants-log-istheta-948541cd2e-formalized-v1,fc-8432eac9-variants-log-istheta-6c53759514-counterexample-v1
erdos1107-erdos-1107,Erdos1107.erdos_1107,Erdős problem 1107,erdos,3809.84,6314.50112,True,0,1.0,nat_domain|asymptotic,11,https://conjectures.io/problems/erdos1107-erdos-1107,"∀ r ≥ 2, ∀ᶠ (n : ℕ) in Filter.atTop, Erdos1107.SumOfRPowerful r n",fc-8432eac9-erdos1107-erdos-1107-255b6ae2e2-formalized-v1,fc-8432eac9-erdos1107-erdos-1107-52cbe3485b-counterexample-v1
erdos1142-erdos-1142,Erdos1142.erdos_1142,Erdős problem 1142,erdos,3809.84,6314.50112,True,0,1.0,,11,https://conjectures.io/problems/erdos1142-erdos-1142,True ↔ Infinite ↑{n | Erdos1142.Erdos1142Prop n},fc-8432eac9-erdos1142-erdos-1142-a29719d6af-formalized-v1,fc-8432eac9-erdos1142-erdos-1142-90d20cc433-counterexample-v1
erdos120-erdos-120,Erdos120.erdos_120,Erdős problem 120,erdos,3809.84,6314.50112,True,0,1.0,,5|28,https://conjectures.io/problems/erdos120-erdos-120,"True ↔ ∀ (A : Set ℝ), A.Infinite → Erdos120.Erdos120For A",fc-8432eac9-erdos120-erdos-120-213674337a-formalized-v1,fc-8432eac9-erdos120-erdos-120-fedd5d0e1f-counterexample-v1
erdos1203-erdos-1203,Erdos1203.erdos_1203,Erdős problem 1203,erdos,3809.84,6314.50112,True,0,1.0,asymptotic,11,https://conjectures.io/problems/erdos1203-erdos-1203,True ↔ Filter.Tendsto Erdos1203.F Filter.atTop Filter.atTop,fc-8432eac9-erdos1203-erdos-1203-f3f69e81a9-formalized-v1,fc-8432eac9-erdos1203-erdos-1203-e062b23584-counterexample-v1
erdos126-erdos-126-variants-islittleo,Erdos126.erdos_126.variants.isLittleO,Erdős problem 126 - is Little O,erdos,3809.84,6314.50112,True,0,1.0,nat_domain|asymptotic,11,https://conjectures.io/problems/erdos126-erdos-126-variants-islittleo,"∀ (f : ℕ → ℕ), Erdos126.IsMaximalAddFactorsCard f → (fun n => ↑(f n)) =o[Filter.atTop] fun n => ↑n / Real.log ↑n",fc-8432eac9-variants-islittleo-10e93a8905-formalized-v1,fc-8432eac9-variants-islittleo-ce504ab344-counterexample-v1
erdos142-erdos-142-variants-lower,Erdos142.erdos_142.variants.lower,Erdős problem 142 - lower,erdos,3809.84,6314.50112,True,0,1.0,nat_domain|asymptotic,11,https://conjectures.io/problems/erdos142-erdos-142-variants-lower,"∀ (k : ℕ), 1 < k → (fun N => ↑(Erdos142.r k N)) =o[Filter.atTop] fun N => ↑N / Real.log ↑N",fc-8432eac9-variants-lower-af782ee6f3-formalized-v1,fc-8432eac9-variants-lower-29eaef1eca-counterexample-v1
erdos143-erdos-143-parts-ii,Erdos143.erdos_143.parts.ii,Erdős problem 143 - part ii,erdos,3809.84,6314.50112,True,0,1.0,summable,11,https://conjectures.io/problems/erdos143-erdos-143-parts-ii,"∀ (A : Set ℝ), Erdos143.WellSeparatedSet A → Summable fun x => 1 / (↑x * Real.log ↑x)",fc-8432eac9-parts-ii-0703f44156-formalized-v1,fc-8432eac9-parts-ii-bd2eefe149-counterexample-v1
erdos153-erdos-153,Erdos153.erdos_153,Erdős problem 153,erdos,3809.84,6314.50112,True,0,1.0,asymptotic,5,https://conjectures.io/problems/erdos153-erdos-153,True ↔ Filter.Tendsto Erdos153.f Filter.atTop Filter.atTop,fc-8432eac9-erdos153-erdos-153-9b64d6a393-formalized-v1,fc-8432eac9-erdos153-erdos-153-bb28cced10-counterexample-v1
erdos155-erdos-155,Erdos155.erdos_155,Erdős problem 155,erdos,3809.84,6314.50112,True,0,1.0,nat_domain|asymptotic,5,https://conjectures.io/problems/erdos155-erdos-155,"True ↔ ∀ k ≥ 1, ∀ᶠ (N : ℕ) in Filter.atTop, Erdos155.F (N + k) ≤ Erdos155.F N + 1",fc-8432eac9-erdos155-erdos-155-26b493224e-formalized-v1,fc-8432eac9-erdos155-erdos-155-a49e190bba-counterexample-v1
erdos156-erdos-156,Erdos156.erdos_156,Erdős problem 156,erdos,3809.84,6314.50112,True,0,1.0,asymptotic,5,https://conjectures.io/problems/erdos156-erdos-156,True ↔ (fun N => ↑(Erdos156.minMaximalSidonSet N)) =O[Filter.atTop] fun N => ↑N ^ (1 / 3),fc-8432eac9-erdos156-erdos-156-2d0907067e-formalized-v1,fc-8432eac9-erdos156-erdos-156-a6962d499d-counterexample-v1
erdos17-erdos-17,Erdos17.erdos_17,Erdős problem 17,erdos,3809.84,6314.50112,True,1,1.0,,11,https://conjectures.io/problems/erdos17-erdos-17,True ↔ {p | Erdos17.IsClusterPrime p}.Infinite,fc-8432eac9-erdos17-erdos-17-f5d55ff58e-formalized-v1,fc-8432eac9-erdos17-erdos-17-08b30398ac-counterexample-v1
erdos200-erdos-200,Erdos200.erdos_200,Erdős problem 200,erdos,3809.84,6314.50112,True,0,1.0,asymptotic,5|11,https://conjectures.io/problems/erdos200-erdos-200,True ↔ (fun n => ↑(Erdos200.longestPrimeArithmeticProgressions n)) =o[Filter.atTop] fun n => Real.log ↑n,fc-8432eac9-erdos200-erdos-200-53a0fbeb51-formalized-v1,fc-8432eac9-erdos200-erdos-200-4a3449c1b9-counterexample-v1
erdos213-erdos-213,Erdos213.erdos_213,Erdős problem 213,erdos,3809.84,6314.50112,True,0,1.0,,52,https://conjectures.io/problems/erdos213-erdos-213,"True ↔ ∀ n ≥ 4, Erdos213.Erdos213For n",fc-8432eac9-erdos213-erdos-213-e49857fdbe-formalized-v1,fc-8432eac9-erdos213-erdos-213-3c6fb90e61-counterexample-v1
erdos218-erdos-218-variants-ge,Erdos218.erdos_218.variants.ge,Erdős problem 218 - ge,erdos,3809.84,6314.50112,True,0,1.0,,11,https://conjectures.io/problems/erdos218-erdos-218-variants-ge,{n | primeGap (n + 1) ≤ primeGap n}.HasDensity (1 / 2),fc-8432eac9-variants-ge-6df7a9fc1c-formalized-v1,fc-8432eac9-variants-ge-a563b1540f-counterexample-v1
erdos218-erdos-218-variants-infinite-equal-prime-gap,Erdos218.erdos_218.variants.infinite_equal_prime_gap,Erdős problem 218 - infinite equal prime gap,erdos,3809.84,6314.50112,True,0,1.0,,11,https://conjectures.io/problems/erdos218-erdos-218-variants-infinite-equal-prime-gap,{n | primeGap n = primeGap (n + 1)}.Infinite,fc-8432eac9-variants-infinite-equal-prime-gap-9f34df887b-formalized-v1,fc-8432eac9-variants-infinite-equal-prime-gap-c80450b838-counterexample-v1
erdos218-erdos-218-variants-le,Erdos218.erdos_218.variants.le,Erdős problem 218 - le,erdos,3809.84,6314.50112,True,0,1.0,,11,https://conjectures.io/problems/erdos218-erdos-218-variants-le,{n | primeGap n ≤ primeGap (n + 1)}.HasDensity (1 / 2),fc-8432eac9-variants-le-84f0fde3a9-formalized-v1,fc-8432eac9-variants-le-ffffe8d3f2-counterexample-v1
erdos236-erdos-236,Erdos236.erdos_236,Erdős problem 236,erdos,3809.84,6314.50112,True,0,1.0,asymptotic,5|11,https://conjectures.io/problems/erdos236-erdos-236,(fun n => ↑(Erdos236.f n)) =o[Filter.atTop] fun n => Real.log ↑n,fc-8432eac9-erdos236-erdos-236-b3f65f5407-formalized-v1,fc-8432eac9-erdos236-erdos-236-e7de918a63-counterexample-v1
erdos241-erdos-241-variants-generalization,Erdos241.erdos_241.variants.generalization,Erdős problem 241 - generalization,erdos,3809.84,6314.50112,True,0,1.0,,5,https://conjectures.io/problems/erdos241-erdos-241-variants-generalization,"∀ r ≥ 2, Erdos241.BoseChowlaConjecture r",fc-8432eac9-variants-generalization-e159528b89-formalized-v1,fc-8432eac9-variants-generalization-dee5523535-counterexample-v1
erdos249-erdos-249,Erdos249.erdos_249,Erdős problem 249,erdos,3809.84,6314.50112,True,0,1.0,nat_domain,11,https://conjectures.io/problems/erdos249-erdos-249,"True ↔ Irrational (∑' (n : ℕ), ↑n.totient / 2 ^ n)",fc-8432eac9-erdos249-erdos-249-1cbddcc269-formalized-v1,fc-8432eac9-erdos249-erdos-249-4627fd3bd2-counterexample-v1
erdos251-erdos-251,Erdos251.erdos_251,Erdős problem 251,erdos,3809.84,6314.50112,True,0,1.0,nat_domain,11,https://conjectures.io/problems/erdos251-erdos-251,"True ↔ Irrational (∑' (n : ℕ), ↑(Nat.nth Nat.Prime n) / 2 ^ n)",fc-8432eac9-erdos251-erdos-251-a769af21c0-formalized-v1,fc-8432eac9-erdos251-erdos-251-ca59ecdf5a-counterexample-v1
erdos252-erdos-252,Erdos252.erdos_252,Erdős problem 252,erdos,3809.84,6314.50112,True,0,1.0,,11,https://conjectures.io/problems/erdos252-erdos-252,"True ↔ ∀ k ≥ 1, Irrational (Erdos252.erdos_252_sum k)",fc-8432eac9-erdos252-erdos-252-0b43daf843-formalized-v1,fc-8432eac9-erdos252-erdos-252-d8cf3c33c9-counterexample-v1
erdos257-erdos-257,Erdos257.erdos_257,Erdős problem 257,erdos,3809.84,6314.50112,True,0,1.0,nat_domain,11,https://conjectures.io/problems/erdos257-erdos-257,"True ↔ ∀ (A : Set ℕ), A.Infinite → Irrational (∑' (n : ↑A), 1 / (2 ^ ↑n - 1))",fc-8432eac9-erdos257-erdos-257-0e8dc5abba-formalized-v1,fc-8432eac9-erdos257-erdos-257-0d0f1b589f-counterexample-v1
erdos264-erdos-264-parts-ii,Erdos264.erdos_264.parts.ii,Erdős problem 264 - part ii,erdos,3809.84,6314.50112,True,0,1.0,nat_domain,11,https://conjectures.io/problems/erdos264-erdos-264-parts-ii,True ↔ Erdos264.IsIrrationalitySequence Nat.factorial,fc-8432eac9-parts-ii-6b86606a93-formalized-v1,fc-8432eac9-parts-ii-2efe7381fb-counterexample-v1
erdos28-erdos-28,Erdos28.erdos_28,Erdős problem 28,erdos,3809.84,6314.50112,True,0,1.0,nat_domain|asymptotic,11,https://conjectures.io/problems/erdos28-erdos-28,"∀ (A : Set ℕ), (A + A)ᶜ.Finite → Filter.limsup (fun n => ↑(AdditiveCombinatorics.sumRep A n)) Filter.atTop = ⊤",fc-8432eac9-erdos28-erdos-28-8c28408e65-formalized-v1,fc-8432eac9-erdos28-erdos-28-021c5a2a02-counterexample-v1
erdos282-erdos-282,Erdos282.erdos_282,Erdős problem 282,erdos,3809.84,6314.50112,True,0,1.0,rational_domain|asymptotic,5,https://conjectures.io/problems/erdos282-erdos-282,"∀ {x : ℚ}, x ∈ Set.Ioo 0 1 → Odd x.den → Erdos282.greedyUnitFractionRem {n | Odd n} x =ᶠ[Filter.atTop] 0",fc-8432eac9-erdos282-erdos-282-013aa11bb2-formalized-v1,fc-8432eac9-erdos282-erdos-282-f7fde26309-counterexample-v1
erdos291-erdos-291-parts-i,Erdos291.erdos_291.parts.i,Erdős problem 291 - part i,erdos,3809.84,6314.50112,True,0,1.0,,11,https://conjectures.io/problems/erdos291-erdos-291-parts-i,True ↔ {n | (Erdos291.a n).gcd (Erdos291.L n) = 1}.Infinite,fc-8432eac9-parts-i-2d35257edd-formalized-v1,fc-8432eac9-parts-i-e64b125e9c-counterexample-v1
erdos313-erdos-313-variants-primary-pseudoperfect-are-infinite,Erdos313.erdos_313.variants.primary_pseudoperfect_are_infinite,Erdős problem 313 - primary pseudoperfect are infinite,erdos,3809.84,6314.50112,True,0,1.0,,11,https://conjectures.io/problems/erdos313-erdos-313-variants-primary-pseudoperfect-are-infinite,{n | Erdos313.IsPrimaryPseudoperfect n}.Infinite,fc-8432eac9-variants-primary-pseudoperfect-are-infinite-7815992dcd-formalized-v1,fc-8432eac9-variants-primary-pseudoperfect-are-infinite-df72d8005d-counterexample-v1
erdos323-erdos-323-variants-k-gt-2,Erdos323.erdos_323.variants.k_gt_2,Erdős problem 323 - k gt 2,erdos,3809.84,6314.50112,True,0,1.0,asymptotic,11,https://conjectures.io/problems/erdos323-erdos-323-variants-k-gt-2,"True ↔ ∀ k > 2, (fun x => ↑(Erdos323.f k k x)) =o[Filter.atTop] fun x => ↑x",fc-8432eac9-variants-k-gt-2-785af9ec1e-formalized-v1,fc-8432eac9-variants-k-gt-2-d06497dcc9-counterexample-v1
erdos324-erdos-324-variants-quintic,Erdos324.erdos_324.variants.quintic,Erdős problem 324 - quintic,erdos,3809.84,6314.50112,True,0,1.0,,11,https://conjectures.io/problems/erdos324-erdos-324-variants-quintic,"Set.InjOn
  (fun x =>
    match x with
    | (a, b) => a ^ 5 + b ^ 5)
  {(a, b) | a < b}",fc-8432eac9-variants-quintic-4d21e1f5c8-formalized-v1,fc-8432eac9-variants-quintic-780cd5a678-counterexample-v1
erdos325-erdos-325,Erdos325.erdos_325,Erdős problem 325,erdos,3809.84,6314.50112,True,0,1.0,nat_domain|asymptotic,11,https://conjectures.io/problems/erdos325-erdos-325,"True ↔ ∀ (k : ℕ), 3 ≤ k → (fun x => ↑x ^ (3 / ↑k)) =O[Filter.atTop] fun x => ↑(Erdos325.cardIsSumThreePowerBelow k x)",fc-8432eac9-erdos325-erdos-325-9b06ee5bd6-formalized-v1,fc-8432eac9-erdos325-erdos-325-2aa1a0acda-counterexample-v1
erdos354-erdos-354-parts-i,Erdos354.erdos_354.parts.i,Erdős problem 354 - part i,erdos,3809.84,6314.50112,True,1,1.0,,11,https://conjectures.io/problems/erdos354-erdos-354-parts-i,"True ↔ ∀ α > 0, ∀ β > 0, Irrational (α / β) → IsAddCompleteNatSeq' (Erdos354.FloorMultiples.interleave α β 2)",fc-8432eac9-parts-i-5c027f4194-formalized-v1,fc-8432eac9-parts-i-355cc32f3b-counterexample-v1
erdos357-erdos-357-parts-i,Erdos357.erdos_357.parts.i,Erdős problem 357 - part i,erdos,3809.84,6314.50112,True,0,1.0,asymptotic,11,https://conjectures.io/problems/erdos357-erdos-357-parts-i,(fun n => ↑(Erdos357.f n)) =o[Filter.atTop] fun n => ↑n,fc-8432eac9-parts-i-a2dd644143-formalized-v1,fc-8432eac9-parts-i-298fb1960e-counterexample-v1
erdos357-erdos-357-variants-infinite-set-density,Erdos357.erdos_357.variants.infinite_set_density,Erdős problem 357 - infinite set density,erdos,3809.84,6314.50112,True,0,1.0,nat_domain,11,https://conjectures.io/problems/erdos357-erdos-357-variants-infinite-set-density,"∀ (A : ℕ → ℕ), StrictMono A → Erdos357.HasDistinctSums A → (Set.range A).HasDensity 0",fc-8432eac9-variants-infinite-set-density-ec7c0a5a80-formalized-v1,fc-8432eac9-variants-infinite-set-density-cf4b255614-counterexample-v1
erdos357-erdos-357-variants-infinite-set-sum,Erdos357.erdos_357.variants.infinite_set_sum,Erdős problem 357 - infinite set sum,erdos,3809.84,6314.50112,True,0,1.0,summable|nat_domain,11,https://conjectures.io/problems/erdos357-erdos-357-variants-infinite-set-sum,"∀ (A : ℕ → ℕ), StrictMono A → Erdos357.HasDistinctSums A → Summable fun i => 1 / ↑(A i)",fc-8432eac9-variants-infinite-set-sum-3b33abd5e7-formalized-v1,fc-8432eac9-variants-infinite-set-sum-59a1d7ef2f-counterexample-v1
erdos357-erdos-357-variants-monotone-parts-i,Erdos357.erdos_357.variants.monotone.parts.i,"Erdős problem 357 - monotone, part i",erdos,3809.84,6314.50112,True,0,1.0,asymptotic,11,https://conjectures.io/problems/erdos357-erdos-357-variants-monotone-parts-i,(fun n => ↑(Erdos357.h n)) =o[Filter.atTop] fun n => ↑n,fc-8432eac9-parts-i-45444d84ea-formalized-v1,fc-8432eac9-parts-i-68992a87f1-counterexample-v1
erdos359-erdos-359-parts-i,Erdos359.erdos_359.parts.i,Erdős problem 359 - part i,erdos,3809.84,6314.50112,True,0,1.0,nat_domain|asymptotic,11,https://conjectures.io/problems/erdos359-erdos-359-parts-i,"∀ (A : ℕ → ℕ), Erdos359.IsGoodFor A 1 → Filter.Tendsto (fun k => ↑(A k) / ↑k) Filter.atTop Filter.atTop",fc-8432eac9-parts-i-8da2843bfb-formalized-v1,fc-8432eac9-parts-i-6b99689046-counterexample-v1
erdos371-erdos-371,Erdos371.erdos_371,Erdős problem 371,erdos,3809.84,6314.50112,True,0,1.0,,11,https://conjectures.io/problems/erdos371-erdos-371,{n | (n + 1).maxPrimeFac > n.maxPrimeFac}.HasDensity (1 / 2),fc-8432eac9-erdos371-erdos-371-2ad41b9b49-formalized-v1,fc-8432eac9-erdos371-erdos-371-d0ed704778-counterexample-v1
erdos373-erdos-373,Erdos373.erdos_373,Erdős problem 373,erdos,3809.84,6314.50112,True,0,1.0,,11,https://conjectures.io/problems/erdos373-erdos-373,Erdos373.S.Finite,fc-8432eac9-erdos373-erdos-373-f8887250f5-formalized-v1,fc-8432eac9-erdos373-erdos-373-1f68696164-counterexample-v1
erdos373-erdos-373-variants-maximal-solution,Erdos373.erdos_373.variants.maximal_solution,Erdős problem 373 - maximal solution,erdos,3809.84,6314.50112,True,0,1.0,,11,https://conjectures.io/problems/erdos373-erdos-373-variants-maximal-solution,"(16, [14, 5, 2]) ∈ Erdos373.S ∧ ∀ s ∈ Erdos373.S, s.1 ≤ 16",fc-8432eac9-variants-maximal-solution-2295ce32e4-formalized-v1,fc-8432eac9-variants-maximal-solution-103238bd46-counterexample-v1
erdos373-erdos-373-variants-suranyi,Erdos373.erdos_373.variants.suranyi,Erdős problem 373 - suranyi,erdos,3809.84,6314.50112,True,0,1.0,,11,https://conjectures.io/problems/erdos373-erdos-373-variants-suranyi,"{(n, a, b) | n.factorial = a.factorial * b.factorial ∧ 1 < n ∧ 1 < a ∧ 1 < b ∧ b ≤ a ∧ a + 1 ≠ n} = {(10, 7, 6)}",fc-8432eac9-variants-suranyi-0ff88333d5-formalized-v1,fc-8432eac9-variants-suranyi-0ab608830a-counterexample-v1
erdos375-erdos-375,Erdos375.erdos_375,Erdős problem 375,erdos,3809.84,6314.50112,True,0,1.0,,11,https://conjectures.io/problems/erdos375-erdos-375,True ↔ Erdos375.Erdos375Prop,fc-8432eac9-erdos375-erdos-375-955be33b6b-formalized-v1,fc-8432eac9-erdos375-erdos-375-c8ee09f016-counterexample-v1
erdos376-erdos-376,Erdos376.erdos_376,Erdős problem 376,erdos,3809.84,6314.50112,True,0,1.0,,11,https://conjectures.io/problems/erdos376-erdos-376,True ↔ {n | n.centralBinom.Coprime 105}.Infinite,fc-8432eac9-erdos376-erdos-376-ac72f9300c-formalized-v1,fc-8432eac9-erdos376-erdos-376-7845fb49b6-counterexample-v1
erdos385-erdos-385-parts-i,Erdos385.erdos_385.parts.i,Erdős problem 385 - part i,erdos,3809.84,6314.50112,True,0,1.0,nat_domain|asymptotic,11,https://conjectures.io/problems/erdos385-erdos-385-parts-i,"True ↔ ∀ᶠ (n : ℕ) in Filter.atTop, n < Erdos385.F n",fc-8432eac9-parts-i-51b36822c9-formalized-v1,fc-8432eac9-parts-i-f34c0412f4-counterexample-v1
erdos406-erdos-406-variants-one-two,Erdos406.erdos_406.variants.one_two,Erdős problem 406 - one two,erdos,3809.84,6314.50112,True,0,1.0,nat_domain,11,https://conjectures.io/problems/erdos406-erdos-406-variants-one-two,"IsGreatest {n | n.isPowerOfTwo ∧ Nat.digits 3 n ⊆ [1, 2]} (2 ^ 15)",fc-8432eac9-variants-one-two-c89c5d71f6-formalized-v1,fc-8432eac9-variants-one-two-d233aaf6a8-counterexample-v1
erdos416-erdos-416-parts-i,Erdos416.erdos_416.parts.i,Erdős problem 416 - part i,erdos,3809.84,6314.50112,True,0,1.0,asymptotic,11,https://conjectures.io/problems/erdos416-erdos-416-parts-i,Filter.Tendsto (fun x => Erdos416.V (2 * x) / Erdos416.V x) Filter.atTop (nhds 2),fc-8432eac9-parts-i-2feb1b9bb5-formalized-v1,fc-8432eac9-parts-i-26bced4670-counterexample-v1
erdos445-erdos-445,Erdos445.erdos_445,Erdős problem 445,erdos,3809.84,6314.50112,True,0,1.0,nat_domain|asymptotic,11,https://conjectures.io/problems/erdos445-erdos-445,"True ↔ ∀ c > 1 / 2, ∀ᶠ (p : ℕ) in Filter.atTop, Nat.Prime p → ∀ (n : ℕ), Erdos445.Erdos445Prop c p n",fc-8432eac9-erdos445-erdos-445-877d434633-formalized-v1,fc-8432eac9-erdos445-erdos-445-1687c02bd1-counterexample-v1
erdos454-erdos-454,Erdos454.erdos_454,Erdős problem 454,erdos,3809.84,6314.50112,True,0,1.0,nat_domain|asymptotic,11,https://conjectures.io/problems/erdos454-erdos-454,True ↔ Filter.limsup (fun n => ↑(Erdos454.f n) - 2 * ↑(Nat.nth Prime n)) Filter.atTop = ⊤,fc-8432eac9-erdos454-erdos-454-d3ca39ea24-formalized-v1,fc-8432eac9-erdos454-erdos-454-bb0122acf4-counterexample-v1
erdos456-erdos-456-parts-iii,Erdos456.erdos_456.parts.iii,Erdős problem 456 - part iii,erdos,3809.84,6314.50112,True,0,1.0,nat_domain,11,https://conjectures.io/problems/erdos456-erdos-456-parts-iii,"True ↔ {q | Nat.Prime q ∧ ∀ (n : ℕ), Erdos456.m n = q ↔ n = q - 1}.Infinite",fc-8432eac9-parts-iii-160d7b6945-formalized-v1,fc-8432eac9-parts-iii-675ae98fe4-counterexample-v1
erdos458-erdos-458,Erdos458.erdos_458,Erdős problem 458,erdos,3809.84,6314.50112,True,0,1.0,nat_domain,11,https://conjectures.io/problems/erdos458-erdos-458,"True ↔ ∀ (k : ℕ), Erdos458.lcm_upto (Nat.nth Prime (k + 1) - 1) < Nat.nth Prime k * Erdos458.lcm_upto (Nat.nth Prime k)",fc-8432eac9-erdos458-erdos-458-c73364f3f3-formalized-v1,fc-8432eac9-erdos458-erdos-458-581f885084-counterexample-v1
erdos479-erdos-479,Erdos479.erdos_479,Erdős problem 479,erdos,3809.84,6314.50112,True,0,1.0,,11,https://conjectures.io/problems/erdos479-erdos-479,"True ↔ ∀ (k k : ℤ), k ≠ 1 → {n | 2 ^ n ≡ k [ZMOD ↑n]}.Infinite",fc-8432eac9-erdos479-erdos-479-eaaf119a5b-formalized-v1,fc-8432eac9-erdos479-erdos-479-ea39d8eb48-counterexample-v1
erdos624-erdos-624,Erdos624.erdos_624,Erdős problem 624,erdos,3809.84,6314.50112,True,0,1.0,asymptotic,5,https://conjectures.io/problems/erdos624-erdos-624,Filter.Tendsto (fun n => ↑(Erdos624.H n) - Real.logb 2 ↑n) Filter.atTop Filter.atTop,fc-8432eac9-erdos624-erdos-624-167ab65895-formalized-v1,fc-8432eac9-erdos624-erdos-624-77d9ec63bd-counterexample-v1
erdos672-erdos-672,Erdos672.erdos_672,Erdős problem 672,erdos,3809.84,6314.50112,True,0,1.0,nat_domain,11,https://conjectures.io/problems/erdos672-erdos-672,"True ↔ ∀ (k l : ℕ), l > 1 → k ≥ 4 → Erdos672.Erdos672With k l",fc-8432eac9-erdos672-erdos-672-713e8186eb-formalized-v1,fc-8432eac9-erdos672-erdos-672-92834d8cab-counterexample-v1
erdos68-erdos-68,Erdos68.erdos_68,Erdős problem 68,erdos,3809.84,6314.50112,True,0,1.0,nat_domain,11,https://conjectures.io/problems/erdos68-erdos-68,"True ↔ Irrational (∑' (n : ℕ), 1 / (↑(n + 2).factorial - 1))",fc-8432eac9-erdos68-erdos-68-dcb57ba1aa-formalized-v1,fc-8432eac9-erdos68-erdos-68-2c749d070f-counterexample-v1
erdos688-erdos-688-parts-ii,Erdos688.erdos_688.parts.ii,Erdős problem 688 - part ii,erdos,3809.84,6314.50112,True,0,1.0,asymptotic,11,https://conjectures.io/problems/erdos688-erdos-688-parts-ii,True ↔ Erdos688.epsilonFunction =o[Filter.atTop] fun n => 1,fc-8432eac9-parts-ii-5168388bb8-formalized-v1,fc-8432eac9-parts-ii-df0d205c3b-counterexample-v1
erdos70-erdos-70-variants-omega-times-two-four,Erdos70.erdos_70.variants.omega_times_two_four,Erdős problem 70 - omega times two four,erdos,3809.84,6314.50112,True,0,1.0,,3,https://conjectures.io/problems/erdos70-erdos-70-variants-omega-times-two-four,True ↔ Erdos70.OrdinalCardinalRamsey3 Cardinal.continuum.ord (Ordinal.omega0 * 2) 4,fc-8432eac9-variants-omega-times-two-four-4013031d84-formalized-v1,fc-8432eac9-variants-omega-times-two-four-79158a0480-counterexample-v1
erdos770-erdos-770-variants-three,Erdos770.erdos_770.variants.three,Erdős problem 770 - three,erdos,3809.84,6314.50112,True,1,1.0,,11,https://conjectures.io/problems/erdos770-erdos-770-variants-three,{n | Erdos770.h n = 3}.Infinite,fc-8432eac9-variants-three-281714d002-formalized-v1,fc-8432eac9-variants-three-00d1e32b50-counterexample-v1
erdos789-erdos-789-variants-sq,Erdos789.erdos_789.variants.sq,Erdős problem 789 - sq,erdos,3809.84,6314.50112,True,0,1.0,asymptotic,5,https://conjectures.io/problems/erdos789-erdos-789-variants-sq,(fun n => ↑(Erdos789.subsetSumThreshold n)) =Θ[Filter.atTop] fun n => √↑n,fc-8432eac9-variants-sq-e605ce6bf4-formalized-v1,fc-8432eac9-variants-sq-a877b260de-counterexample-v1
erdos82-erdos-82,Erdos82.erdos_82,Erdős problem 82,erdos,3809.84,6314.50112,True,0,1.0,asymptotic,5,https://conjectures.io/problems/erdos82-erdos-82,Filter.Tendsto (fun n => ↑(Erdos82.F n) / Real.log ↑n) Filter.atTop Filter.atTop,fc-8432eac9-erdos82-erdos-82-9ac04c3ab7-formalized-v1,fc-8432eac9-erdos82-erdos-82-2ffc5b5336-counterexample-v1
erdos821-erdos-821,Erdos821.erdos_821,Erdős problem 821,erdos,3809.84,6314.50112,True,0,1.0,,11,https://conjectures.io/problems/erdos821-erdos-821,"True ↔ ∀ ε > 0, {n | ↑(Erdos821.g n) > ↑n ^ (1 - ε)}.Infinite",fc-8432eac9-erdos821-erdos-821-8a563755bf-formalized-v1,fc-8432eac9-erdos821-erdos-821-fc6c2f2c78-counterexample-v1
erdos828-erdos-828-variants-lehmer-conjecture,Erdos828.erdos_828.variants.lehmer_conjecture,Erdős problem 828 - lehmer conjecture,erdos,3809.84,6314.50112,True,0,1.0,,11,https://conjectures.io/problems/erdos828-erdos-828-variants-lehmer-conjecture,"True ↔ ∀ n > 1, n.totient ∣ n - 1 ↔ Prime n",fc-8432eac9-variants-lehmer-conjecture-50e99dd973-formalized-v1,fc-8432eac9-variants-lehmer-conjecture-3ee5fedbea-counterexample-v1
erdos85-erdos-85,Erdos85.erdos_85,Erdős problem 85,erdos,3809.84,6314.50112,True,0,1.0,nat_domain|asymptotic,5,https://conjectures.io/problems/erdos85-erdos-85,"True ↔ ∀ᶠ (n : ℕ) in Filter.atTop, Erdos85.f n ≤ Erdos85.f (n + 1)",fc-8432eac9-erdos85-erdos-85-f8b642af27-formalized-v1,fc-8432eac9-erdos85-erdos-85-813e2e43c6-counterexample-v1
erdos853-erdos-853-parts-i,Erdos853.erdos_853.parts.i,Erdős problem 853 - part i,erdos,3809.84,6314.50112,True,0,1.0,asymptotic,11,https://conjectures.io/problems/erdos853-erdos-853-parts-i,Filter.Tendsto Erdos853.r Filter.atTop Filter.atTop,fc-8432eac9-parts-i-92b2ca1184-formalized-v1,fc-8432eac9-parts-i-9e00f32bec-counterexample-v1
erdos853-erdos-853-parts-ii,Erdos853.erdos_853.parts.ii,Erdős problem 853 - part ii,erdos,3809.84,6314.50112,True,0,1.0,asymptotic,11,https://conjectures.io/problems/erdos853-erdos-853-parts-ii,Filter.Tendsto (fun n => ↑(Erdos853.r n) / Real.log ↑n) Filter.atTop Filter.atTop,fc-8432eac9-parts-ii-3e0107c228-formalized-v1,fc-8432eac9-parts-ii-67f31eeecb-counterexample-v1
erdos889-erdos-889,Erdos889.erdos_889,Erdős problem 889,erdos,3809.84,6314.50112,True,0,1.0,asymptotic,11,https://conjectures.io/problems/erdos889-erdos-889,Filter.Tendsto Erdos889.v₀ Filter.atTop (nhds ⊤),fc-8432eac9-erdos889-erdos-889-7213806ab2-formalized-v1,fc-8432eac9-erdos889-erdos-889-94b2b4627a-counterexample-v1
erdos889-erdos-889-variants-general,Erdos889.erdos_889.variants.general,Erdős problem 889 - general,erdos,3809.84,6314.50112,True,0,1.0,nat_domain|asymptotic,11,https://conjectures.io/problems/erdos889-erdos-889-variants-general,"∀ (l : ℕ), Filter.Tendsto (Erdos889.v_l l) Filter.atTop (nhds ⊤)",fc-8432eac9-variants-general-e25c741c83-formalized-v1,fc-8432eac9-variants-general-27c8b2a913-counterexample-v1
erdos89-erdos-89,Erdos89.erdos_89,Erdős problem 89,erdos,3809.84,6314.50112,True,0,1.0,asymptotic,52,https://conjectures.io/problems/erdos89-erdos-89,(fun n => ↑n / √(Real.log ↑n)) =O[Filter.atTop] fun n => ↑(EuclideanGeometry.minimalDistinctDistances n),fc-8432eac9-erdos89-erdos-89-0e8c1d2742-formalized-v1,fc-8432eac9-erdos89-erdos-89-d9c6c9df14-counterexample-v1
erdos893-erdos-893,Erdos893.erdos_893,Erdős problem 893,erdos,3809.84,6314.50112,True,0,1.0,asymptotic,5,https://conjectures.io/problems/erdos893-erdos-893,True ↔ Filter.Tendsto (fun n => ↑(Erdos893.f (2 * n)) / ↑(Erdos893.f n)) Filter.atTop Filter.atTop,fc-8432eac9-erdos893-erdos-893-b1b1e5bb52-formalized-v1,fc-8432eac9-erdos893-erdos-893-63a3582918-counterexample-v1
erdos9-erdos-9,Erdos9.erdos_9,Erdős problem 9,erdos,3809.84,6314.50112,True,0,1.0,,5|11,https://conjectures.io/problems/erdos9-erdos-9,True ↔ 0 < Erdos9.Erdos9A.upperDensity,fc-8432eac9-erdos9-erdos-9-61f52ecb6f-formalized-v1,fc-8432eac9-erdos9-erdos-9-3439cad2bd-counterexample-v1
erdos912-erdos-912-variants-tao,Erdos912.erdos_912.variants.tao,Erdős problem 912 - tao,erdos,3809.84,6314.50112,True,0,1.0,asymptotic,11,https://conjectures.io/problems/erdos912-erdos-912-variants-tao,Asymptotics.IsEquivalent Filter.atTop (fun n => ↑(Erdos912.h n)) fun n => √(2 * Real.pi) * (↑n / Real.log ↑n) ^ (1 / 2),fc-8432eac9-variants-tao-a3cd3d7da6-formalized-v1,fc-8432eac9-variants-tao-746de68be7-counterexample-v1
erdos913-erdos-913-variants-infinite-many-8p-sq-sub-one-primes,Erdos913.erdos_913.variants.infinite_many_8p_sq_sub_one_primes,Erdős problem 913 - infinite many 8 p sq sub one primes,erdos,3809.84,6314.50112,True,0,1.0,nat_domain,11,https://conjectures.io/problems/erdos913-erdos-913-variants-infinite-many-8p-sq-sub-one-primes,{p | Nat.Prime p ∧ Nat.Prime (8 * p ^ 2 - 1)}.Infinite,fc-8432eac9-variants-infinite-many-8p-sq-sub-one-primes-0b8d7de26e-formalized-v1,fc-8432eac9-variants-infinite-many-8p-sq-sub-one-primes-9d3ce87928-counterexample-v1
erdos936-erdos-936-variants-two-pow-add-one,Erdos936.erdos_936.variants.two_pow_add_one,Erdős problem 936 - two pow add one,erdos,3809.84,6314.50112,True,0,1.0,,11,https://conjectures.io/problems/erdos936-erdos-936-variants-two-pow-add-one,True ↔ Erdos936.EventuallyNotPowerful fun x => 2 ^ x + 1,fc-8432eac9-variants-two-pow-add-one-9d72d6b19e-formalized-v1,fc-8432eac9-variants-two-pow-add-one-6413ca2345-counterexample-v1
erdos936-erdos-936-variants-two-pow-sub-one,Erdos936.erdos_936.variants.two_pow_sub_one,Erdős problem 936 - two pow sub one,erdos,3809.84,6314.50112,True,0,1.0,,11,https://conjectures.io/problems/erdos936-erdos-936-variants-two-pow-sub-one,True ↔ Erdos936.EventuallyNotPowerful fun x => 2 ^ x - 1,fc-8432eac9-variants-two-pow-sub-one-2129462d76-formalized-v1,fc-8432eac9-variants-two-pow-sub-one-0ace268644-counterexample-v1
erdos945-erdos-945,Erdos945.erdos_945,Erdős problem 945,erdos,3809.84,6314.50112,True,0,1.0,,11,https://conjectures.io/problems/erdos945-erdos-945,True ↔ Erdos945.Erdos945Prop,fc-8432eac9-erdos945-erdos-945-b93bf310f1-formalized-v1,fc-8432eac9-erdos945-erdos-945-a65877027e-counterexample-v1
erdos950-erdos-950-parts-i,Erdos950.erdos_950.parts.i,Erdős problem 950 - part i,erdos,3809.84,6314.50112,True,0,1.0,asymptotic,11,https://conjectures.io/problems/erdos950-erdos-950-parts-i,True ↔ Filter.liminf (fun n => ↑(Erdos950.f n)) Filter.atTop = 1,fc-8432eac9-parts-i-7c06f676c2-formalized-v1,fc-8432eac9-parts-i-6e4d383826-counterexample-v1
erdos950-erdos-950-parts-ii,Erdos950.erdos_950.parts.ii,Erdős problem 950 - part ii,erdos,3809.84,6314.50112,True,0,1.0,asymptotic,11,https://conjectures.io/problems/erdos950-erdos-950-parts-ii,True ↔ Filter.limsup (fun n => ↑(Erdos950.f n)) Filter.atTop = ⊤,fc-8432eac9-parts-ii-a2282f8e3e-formalized-v1,fc-8432eac9-parts-ii-4fa9ed11ea-counterexample-v1
erdos972-erdos-972,Erdos972.erdos_972,Erdős problem 972,erdos,3809.84,6314.50112,True,0,1.0,,11,https://conjectures.io/problems/erdos972-erdos-972,"True ↔ ∀ α > 1, Irrational α → (Erdos972.primeSet α).Infinite",fc-8432eac9-erdos972-erdos-972-43ca8933ee-formalized-v1,fc-8432eac9-erdos972-erdos-972-ac10dd6be0-counterexample-v1
erdos978-erdos-978-parts-iii,Erdos978.erdos_978.parts.iii,Erdős problem 978 - part iii,erdos,3809.84,6314.50112,True,0,1.0,,11,https://conjectures.io/problems/erdos978-erdos-978-parts-iii,True ↔ {n | Squarefree (n ^ 4 + 2)}.Infinite,fc-8432eac9-parts-iii-778ca9541c-formalized-v1,fc-8432eac9-parts-iii-e92cf4dfac-counterexample-v1
green24-variants-conjecture,Green24.variants.conjecture,Green's open problem 24 - conjecture,greens-open-problems,3809.84,6314.50112,True,0,1.0,,5|11,https://conjectures.io/problems/green24-variants-conjecture,Green24.variants.gamma = 1 / 3,fc-8432eac9-variants-conjecture-d8e9eeeb54-formalized-v1,fc-8432eac9-variants-conjecture-9dfaf67369-counterexample-v1
green32-green-32,Green32.green_32,Green's open problem 32,greens-open-problems,3809.84,6314.50112,True,0,1.0,,5|11,https://conjectures.io/problems/green32-green-32,True ↔ Green32.HasLargeGapDilate fun p => √↑p,fc-8432eac9-green32-green-32-9b5eaa0bef-formalized-v1,fc-8432eac9-green32-green-32-cf8706b88e-counterexample-v1
green40-green-40,Green40.green_40,Green's open problem 40,greens-open-problems,3809.84,6314.50112,True,0,1.0,asymptotic,5|94,https://conjectures.io/problems/green40-green-40,True ↔ Filter.Tendsto Green40.f Filter.atTop (nhds ⊤),fc-8432eac9-green40-green-40-7eb71c6c2d-formalized-v1,fc-8432eac9-green40-green-40-5067a39798-counterexample-v1
green40-green-40-f-two-eq-one,Green40.green_40.f_two_eq_one,Green's open problem 40 - f two eq one,greens-open-problems,3809.84,6314.50112,True,0,1.0,,5|94,https://conjectures.io/problems/green40-green-40-f-two-eq-one,True ↔ Green40.f 2 = 1,fc-8432eac9-green-40-f-two-eq-one-ce69be0661-formalized-v1,fc-8432eac9-green-40-f-two-eq-one-def8e85384-counterexample-v1
green40-green-40-variants-arbitrary-subsets,Green40.green_40.variants.arbitrary_subsets,Green's open problem 40 - arbitrary subsets,greens-open-problems,3809.84,6314.50112,True,0,1.0,asymptotic,5|94,https://conjectures.io/problems/green40-green-40-variants-arbitrary-subsets,True ↔ Filter.Tendsto Green40.f_tilde Filter.atTop (nhds ⊤),fc-8432eac9-variants-arbitrary-subsets-9b1922f5d6-formalized-v1,fc-8432eac9-variants-arbitrary-subsets-2b6726e9ba-counterexample-v1
green7-green-7-variants-positive-density,Green7.green_7.variants.positive_density,Green's open problem 7 - positive density,greens-open-problems,3809.84,6314.50112,True,0,1.0,nat_domain,11|42,https://conjectures.io/problems/green7-green-7-variants-positive-density,"True ↔ ∀ (a : ℕ → ℕ), Erdos342.IsUlamSequence a → (Set.range a).upperDensity > 0",fc-8432eac9-variants-positive-density-4be5e2f8ed-formalized-v1,fc-8432eac9-variants-positive-density-b75f543f32-counterexample-v1
erdos158-erdos-158,Erdos158.erdos_158,Erdős problem 158,erdos,3809.84,6314.50112,True,0,0.0,nat_domain|asymptotic,5,https://conjectures.io/problems/erdos158-erdos-158,"True ↔
  ∀ (A : Set ℕ),
    A.Infinite → Erdos158.B2 2 A → Filter.liminf (fun N => ↑(A ∩ Set.Iio N).ncard * ↑N ^ (-1 / 2)) Filter.atTop = 0",fc-8432eac9-erdos158-erdos-158-20ecb9ecc1-formalized-v1,fc-8432eac9-erdos158-erdos-158-64a0f61fb7-counterexample-v1
erdos208-erdos-208-variants-log-bound,Erdos208.erdos_208.variants.log_bound,Erdős problem 208 - log bound,erdos,3809.84,6314.50112,True,0,0.0,asymptotic,11,https://conjectures.io/problems/erdos208-erdos-208-variants-log-bound,"(fun n => ↑(Erdos208.erdos208.s (n + 1)) - ↑(Erdos208.erdos208.s n)) =O[Filter.atTop] fun n =>
  Real.log ↑(Erdos208.erdos208.s n)",fc-8432eac9-variants-log-bound-352e42e8dc-formalized-v1,fc-8432eac9-variants-log-bound-98e2d0cb7b-counterexample-v1
erdos243-erdos-243,Erdos243.erdos_243,Erdős problem 243,erdos,3809.84,6314.50112,True,0,0.0,summable|nat_domain|asymptotic,40,https://conjectures.io/problems/erdos243-erdos-243,"∀ (a : ℕ → ℕ),
  StrictMono a →
    Filter.Tendsto (fun n => ↑(a n) / ↑(a (n - 1)) ^ 2) Filter.atTop (nhds 1) →
      (Summable fun x => 1 / ↑(a x)) → ∀ᶠ (n : ℕ) in Filter.atTop, a n = a (n - 1) ^ 2 - a (n - 1) + 1",fc-8432eac9-erdos243-erdos-243-41edec662c-formalized-v1,fc-8432eac9-erdos243-erdos-243-0a04f76456-counterexample-v1
erdos247-erdos-247,Erdos247.erdos_247,Erdős problem 247,erdos,3809.84,6314.50112,True,0,0.0,rational_domain|nat_domain|asymptotic,11,https://conjectures.io/problems/erdos247-erdos-247,"True ↔
  ∀ (n : ℕ → ℕ),
    StrictMono n →
      Filter.limsup (fun k => ↑(n k) / ↑k.succ) Filter.atTop = ⊤ → Transcendental ℚ (∑' (k : ℕ), 1 / 2 ^ n k)",fc-8432eac9-erdos247-erdos-247-f32d512330-formalized-v1,fc-8432eac9-erdos247-erdos-247-59f4c0f145-counterexample-v1
erdos359-erdos-359-parts-ii,Erdos359.erdos_359.parts.ii,Erdős problem 359 - part ii,erdos,3809.84,6314.50112,True,0,0.0,nat_domain|asymptotic,11,https://conjectures.io/problems/erdos359-erdos-359-parts-ii,"∀ (A : ℕ → ℕ),
  Erdos359.IsGoodFor A 1 → ∀ (c : ℝ), 0 < c → Filter.Tendsto (fun k => ↑(A k) / ↑k ^ (1 + c)) Filter.atTop (nhds 0)",fc-8432eac9-parts-ii-f3789cc45e-formalized-v1,fc-8432eac9-parts-ii-2e5709fa56-counterexample-v1
erdos359-erdos-359-variants-isgoodfor-1-asymptotic,Erdos359.erdos_359.variants.isGoodFor_1_asymptotic,Erdős problem 359 - is Good For 1 asymptotic,erdos,3809.84,6314.50112,True,0,0.0,nat_domain|asymptotic,11,https://conjectures.io/problems/erdos359-erdos-359-variants-isgoodfor-1-asymptotic,"∀ (A : ℕ → ℕ),
  Erdos359.IsGoodFor A 1 →
    Asymptotics.IsEquivalent Filter.atTop (fun k => ↑(A k)) fun k => ↑k * Real.log ↑k / Real.log (Real.log ↑k)",fc-8432eac9-variants-isgoodfor-1-asymptotic-f063c201e7-formalized-v1,fc-8432eac9-variants-isgoodfor-1-asymptotic-cc45a116a7-counterexample-v1
erdos41-erdos-41,Erdos41.erdos_41,Erdős problem 41,erdos,3809.84,6314.50112,True,0,0.0,nat_domain|asymptotic,11,https://conjectures.io/problems/erdos41-erdos-41,"∀ (A : Set ℕ),
  Erdos41.NtupleCondition A 3 →
    A.Infinite → Filter.liminf (fun N => ↑(A ∩ Set.Icc 1 N).ncard / ↑N ^ (1 / 3)) Filter.atTop = 0",fc-8432eac9-erdos41-erdos-41-532847bcbf-formalized-v1,fc-8432eac9-erdos41-erdos-41-b313f8634f-counterexample-v1
erdos455-erdos-455,Erdos455.erdos_455,Erdős problem 455,erdos,3809.84,6314.50112,True,0,0.0,nat_domain|asymptotic,11,https://conjectures.io/problems/erdos455-erdos-455,"True ↔
  ∀ (q : ℕ → ℕ),
    StrictMono q →
      (∀ (n : ℕ), Nat.Prime (q n) ∧ q (n + 2) - q (n + 1) ≥ q (n + 1) - q n) →
        Filter.Tendsto (fun n => ↑(q n) / ↑n ^ 2) Filter.atTop Filter.atTop",fc-8432eac9-erdos455-erdos-455-d984d6fda4-formalized-v1,fc-8432eac9-erdos455-erdos-455-b24b4a8ff6-counterexample-v1
erdos517-erdos-517,Erdos517.erdos_517,Erdős problem 517,erdos,3809.84,6314.50112,True,0,0.0,nat_domain,30,https://conjectures.io/problems/erdos517-erdos-517,"True ↔
  ∀ {f : ℂ → ℂ} {n : ℕ → ℕ},
    HasFabryGaps n →
      ∀ {a : ℕ → ℂ},
        (∀ (k : ℕ), a k ≠ 0) → (∀ (z : ℂ), HasSum (fun k => a k * z ^ n k) (f z)) → ∀ (z : ℂ), {x | f x = z}.Infinite",fc-8432eac9-erdos517-erdos-517-255a015cc4-formalized-v1,fc-8432eac9-erdos517-erdos-517-4d22ce48c4-counterexample-v1
erdos600-erdos-600-parts-i,Erdos600.erdos_600.parts.i,Erdős problem 600 - part i,erdos,3809.84,6314.50112,True,0,0.0,nat_domain|asymptotic,5,https://conjectures.io/problems/erdos600-erdos-600-parts-i,"True ↔
  ∀ (r : ℕ),
    2 ≤ r →
      Filter.Tendsto (fun n => ↑(Erdos600.eFunction n (r + 1)) - ↑(Erdos600.eFunction n r)) Filter.atTop Filter.atTop",fc-8432eac9-parts-i-714017e177-formalized-v1,fc-8432eac9-parts-i-7a0a4621b5-counterexample-v1
erdos695-erdos-695,Erdos695.erdos_695,Erdős problem 695,erdos,3809.84,6314.50112,True,0,0.0,nat_domain|asymptotic,11,https://conjectures.io/problems/erdos695-erdos-695,"True ↔
  ∀ {q : ℕ → ℕ},
    StrictMono q →
      (∀ (i : ℕ), Nat.Prime (q i)) →
        (∀ (i : ℕ), q (i + 1) % q i = 1) → Filter.Tendsto (fun k => ↑(q k) ^ (1 / ↑k)) Filter.atTop Filter.atTop",fc-8432eac9-erdos695-erdos-695-61ea8906a6-formalized-v1,fc-8432eac9-erdos695-erdos-695-3a98d7e90e-counterexample-v1
erdos951-erdos-951,Erdos951.erdos_951,Erdős problem 951,erdos,3809.84,6314.50112,True,0,0.0,nat_domain|asymptotic,11,https://conjectures.io/problems/erdos951-erdos-951,"True ↔
  ∀ (a : ℕ → ℝ),
    1 < a 0 →
      StrictMono a → Erdos951.Erdos951Prop a → ∀ᶠ (x : ℝ) in Filter.atTop, {i | a i ≤ x}.ncard ≤ ⌊x⌋₊.primeCounting",fc-8432eac9-erdos951-erdos-951-36d48773d2-formalized-v1,fc-8432eac9-erdos951-erdos-951-4beda916f2-counterexample-v1
erdos386-erdos-386-variants-two,Erdos386.erdos_386.variants.two,Erdős problem 386 - two,erdos,3341.65,5538.519094,True,0,4.5,nat_domain|asymptotic|bounded_finite_range|existential,11,https://conjectures.io/problems/erdos386-erdos-386-variants-two,"True ↔ ∃ᶠ (n : ℕ) in Filter.atTop, 2 ≤ n - 2 ∧ ∃ p q, n.choose 2 = ∏ i ∈ Finset.Ico p q, Nat.nth Nat.Prime i",fc-8432eac9-variants-two-95f97acfa5-formalized-v1,fc-8432eac9-variants-two-b6c2515417-counterexample-v1
erdos61-erdos-61,Erdos61.erdos_61,Erdős problem 61,erdos,3341.65,5538.519094,True,0,4.5,graph|existential,5,https://conjectures.io/problems/erdos61-erdos-61,"True ↔
  ∀ {α : Type u_1} [inst : Fintype α] [inst_1 : DecidableEq α] (H : SimpleGraph α),
    ∃ c > 0, Erdos61.IsErdosHajnalLowerBound H fun n => ↑n ^ c",fc-8432eac9-erdos61-erdos-61-9bc1accc9e-formalized-v1,fc-8432eac9-erdos61-erdos-61-3d64d0ba85-counterexample-v1
erdos686-erdos-686-variants-twenty-five,Erdos686.erdos_686.variants.twenty_five,Erdős problem 686 - twenty five,erdos,3341.65,5538.519094,True,0,4.5,bounded_finite_range|existential,11,https://conjectures.io/problems/erdos686-erdos-686-variants-twenty-five,"True ↔ ∃ k ≥ 2, ∃ n, ∃ m ≥ n + k, 25 = ↑(∏ i ∈ Finset.Icc 1 k, (m + i)) / ↑(∏ i ∈ Finset.Icc 1 k, (n + i))",fc-8432eac9-variants-twenty-five-4e0d038945-formalized-v1,fc-8432eac9-variants-twenty-five-259c41a42c-counterexample-v1
erdos400-erdos-400-parts-i,Erdos400.erdos_400.parts.i,Erdős problem 400 - part i,erdos,3341.65,5538.519094,True,0,3.5,asymptotic|bounded_finite_range|existential,11,https://conjectures.io/problems/erdos400-erdos-400-parts-i,"True ↔
  ∀ k ≥ 2,
    ∃ c,
      Asymptotics.IsEquivalent Filter.atTop (fun x => ∑ n ∈ Finset.Icc 1 x, ↑(Erdos400.g k n)) fun x =>
        c * ↑x * Real.log ↑x",fc-8432eac9-parts-i-fae0024e73-formalized-v1,fc-8432eac9-parts-i-d292cafcce-counterexample-v1
erdos52-erdos-52,Erdos52.erdos_52,Erdős problem 52,erdos,3341.65,5538.519094,True,0,3.5,existential,11,https://conjectures.io/problems/erdos52-erdos-52,"True ↔ ∀ (ε : ℝ), 0 < ε → ε < 1 → ∃ C, 0 < C ∧ ∀ (A : Finset ℤ), max ↑(A + A).card ↑(A * A).card ≥ C * ↑A.card ^ (2 - ε)",fc-8432eac9-erdos52-erdos-52-ce5009dceb-formalized-v1,fc-8432eac9-erdos52-erdos-52-c4b7f24fd6-counterexample-v1
erdos930-erdos-930,Erdos930.erdos_930,Erdős problem 930,erdos,3341.65,5538.519094,True,0,3.5,nat_domain|bounded_finite_range|existential,11,https://conjectures.io/problems/erdos930-erdos-930,"True ↔
  ∀ r > 0,
    ∃ k,
      ∀ (I₁ I₂ : Fin r → ℕ),
        (∀ (i : Fin r), 0 < I₁ i ∧ I₁ i + k ≤ I₂ i + 1) →
          (∀ (i j : Fin r), i < j → I₂ i < I₁ j) → ¬Erdos930.IsPower (∏ i, ∏ m ∈ Finset.Icc (I₁ i) (I₂ i), m)",fc-8432eac9-erdos930-erdos-930-5711ec53d1-formalized-v1,fc-8432eac9-erdos930-erdos-930-25be893090-counterexample-v1
erdos944-erdos-944,Erdos944.erdos_944,Erdős problem 944,erdos,3341.65,5538.519094,True,1,3.5,graph|existential,11,https://conjectures.io/problems/erdos944-erdos-944,"True ↔ ∀ k ≥ 4, ∀ r ≥ 1, ∃ V G, Erdos944.SimpleGraph.IsErdos944 G k r",fc-8432eac9-erdos944-erdos-944-874ac96a8b-formalized-v1,fc-8432eac9-erdos944-erdos-944-a89c65f892-counterexample-v1
erdos1082-erdos-1082-parts-i,Erdos1082.erdos_1082.parts.i,Erdős problem 1082 - part i,erdos,3341.65,5538.519094,True,0,3.0,,51,https://conjectures.io/problems/erdos1082-erdos-1082-parts-i,"True ↔ ∀ (A : Finset (EuclideanSpace ℝ (Fin 2))), EuclideanGeometry.NonTrilinear ↑A → A.card / 2 ≤ distinctDistances A",fc-8432eac9-parts-i-0a77d8db00-formalized-v1,fc-8432eac9-parts-i-6e498a39ed-counterexample-v1
erdos128-erdos-128,Erdos128.erdos_128,Erdős problem 128,erdos,3341.65,5538.519094,True,0,3.0,graph,5,https://conjectures.io/problems/erdos128-erdos-128,"True ↔
  ∀ (V : Type) [inst : Fintype V] (G : SimpleGraph V),
    (∀ (V' : Set V),
        2 * V'.ncard + 1 ≥ Fintype.card V → 50 * (SimpleGraph.induce V' G).edgeSet.ncard > Fintype.card V ^ 2) →
      ¬G.CliqueFree 3",fc-8432eac9-erdos128-erdos-128-a89f80bc76-formalized-v1,fc-8432eac9-erdos128-erdos-128-f573848738-counterexample-v1
erdos291-erdos-291-variants-shiu-heuristic-density-zero,Erdos291.erdos_291.variants.shiu_heuristic_density_zero,Erdős problem 291 - shiu heuristic density zero,erdos,3341.65,5538.519094,True,0,3.0,asymptotic|bounded_finite_range,11,https://conjectures.io/problems/erdos291-erdos-291-variants-shiu-heuristic-density-zero,Filter.Tendsto (fun N => ↑{n ∈ Finset.Icc 1 N | (Erdos291.a n).gcd (Erdos291.L n) = 1}.card / ↑N) Filter.atTop (nhds 0),fc-8432eac9-variants-shiu-heuristic-density-zero-5e1bc27250-formalized-v1,fc-8432eac9-variants-shiu-heuristic-density-zero-82684931db-counterexample-v1
erdos681-erdos-681,Erdos681.erdos_681,Erdős problem 681,erdos,3341.65,5538.519094,True,0,3.0,nat_domain|asymptotic|existential,11,https://conjectures.io/problems/erdos681-erdos-681,"True ↔ ∀ᶠ (n : ℕ) in Filter.atTop, ∃ k > 0, (n + k).Composite ∧ ∀ (p : ℕ), Erdos681.IsLPF p (n + k) → p > k ^ 2",fc-8432eac9-erdos681-erdos-681-093005f075-formalized-v1,fc-8432eac9-erdos681-erdos-681-a79cdc5cea-counterexample-v1
erdos770-erdos-770-parts-i,Erdos770.erdos_770.parts.i,Erdős problem 770 - part i,erdos,3341.65,5538.519094,True,0,3.0,nat_domain|existential,11,https://conjectures.io/problems/erdos770-erdos-770-parts-i,"True ↔ ∀ (p : ℕ), Nat.Prime p → ∃ a, {n | Erdos770.h n = ↑p}.HasDensity a",fc-8432eac9-parts-i-7fae38479e-formalized-v1,fc-8432eac9-parts-i-f72f18fab0-counterexample-v1
erdos10-erdos-10,Erdos10.erdos_10,Erdős problem 10,erdos,3341.65,5538.519094,True,0,2.5,existential,5|11,https://conjectures.io/problems/erdos10-erdos-10,"True ↔ ∃ k, Erdos10.sumPrimeAndTwoPows k = Set.univ \ {0, 1}",fc-8432eac9-erdos10-erdos-10-d27c264dfa-formalized-v1,fc-8432eac9-erdos10-erdos-10-9d98d946d0-counterexample-v1
erdos1062-erdos-1062-parts-ii,Erdos1062.erdos_1062.parts.ii,Erdős problem 1062 - part ii,erdos,3341.65,5538.519094,True,0,2.5,asymptotic|existential,11,https://conjectures.io/problems/erdos1062-erdos-1062-parts-ii,"(∃ l, Filter.Tendsto (fun n => ↑(Erdos1062.f n) / ↑n) Filter.atTop (nhds l) ∧ Irrational l) ↔ True",fc-8432eac9-parts-ii-71df995464-formalized-v1,fc-8432eac9-parts-ii-6673a2a139-counterexample-v1
erdos1101-erdos-1101-parts-i,Erdos1101.erdos_1101.parts.i,Erdős problem 1101 - part i,erdos,3341.65,5538.519094,True,0,2.5,asymptotic|existential,11,https://conjectures.io/problems/erdos1101-erdos-1101-parts-i,"True ↔ ∃ u, Erdos1101.IsGood u ∧ ∃ k, (fun n => ↑(u n)) =O[Filter.atTop] fun n => ↑n ^ k",fc-8432eac9-parts-i-952342128b-formalized-v1,fc-8432eac9-parts-i-7490399944-counterexample-v1
erdos1175-erdos-1175,Erdos1175.erdos_1175,Erdős problem 1175,erdos,3341.65,5538.519094,True,0,2.5,graph|existential,5,https://conjectures.io/problems/erdos1175-erdos-1175,"True ↔
  ∀ (κ : Cardinal.{u_1}),
    Cardinal.aleph0 < κ →
      ∃ μ,
        ∀ (V : Type u_1) (G : SimpleGraph V),
          G.chromaticCardinal = μ → ∃ H, H.coe.CliqueFree 3 ∧ H.coe.chromaticCardinal = κ",fc-8432eac9-erdos1175-erdos-1175-1e94b0fe78-formalized-v1,fc-8432eac9-erdos1175-erdos-1175-0e4446b0b9-counterexample-v1
erdos234-erdos-234,Erdos234.erdos_234,Erdős problem 234,erdos,3341.65,5538.519094,True,0,2.5,existential,11,https://conjectures.io/problems/erdos234-erdos-234,"True ↔ ∃ f, Continuous f ∧ ∀ (c : NNReal), {n | ↑(primeGap n) / Real.log ↑n < ↑c}.HasDensity (f c)",fc-8432eac9-erdos234-erdos-234-47d758ef0d-formalized-v1,fc-8432eac9-erdos234-erdos-234-027842ccc1-counterexample-v1
erdos307-erdos-307,Erdos307.erdos_307,Erdős problem 307,erdos,3341.65,5538.519094,True,0,2.5,nat_domain|existential,11,https://conjectures.io/problems/erdos307-erdos-307,"True ↔ ∃ P Q, (∀ p ∈ P, Nat.Prime p) ∧ (∀ q ∈ Q, Nat.Prime q) ∧ 1 = (∑ p ∈ P, (↑p)⁻¹) * ∑ q ∈ Q, (↑q)⁻¹",fc-8432eac9-erdos307-erdos-307-db9c5ac963-formalized-v1,fc-8432eac9-erdos307-erdos-307-1498a15413-counterexample-v1
erdos366-erdos-366,Erdos366.erdos_366,Erdős problem 366,erdos,3341.65,5538.519094,True,0,2.5,nat_domain|existential,11,https://conjectures.io/problems/erdos366-erdos-366,"True ↔ ∃ n > 0, Nat.Full 2 n ∧ Nat.Full 3 (n + 1)",fc-8432eac9-erdos366-erdos-366-e013583642-formalized-v1,fc-8432eac9-erdos366-erdos-366-8b8f947734-counterexample-v1
erdos647-erdos-647,Erdos647.erdos_647,Erdős problem 647,erdos,3341.65,5538.519094,True,0,2.5,existential,11,https://conjectures.io/problems/erdos647-erdos-647,"True ↔ ∃ n > 24, ⨆ m, ↑m + (ArithmeticFunction.sigma 0) ↑m ≤ n + 2",fc-8432eac9-erdos647-erdos-647-f027494c74-formalized-v1,fc-8432eac9-erdos647-erdos-647-544d240b8c-counterexample-v1
erdos886-erdos-886,Erdos886.erdos_886,Erdős problem 886,erdos,3341.65,5538.519094,True,0,2.5,nat_domain|asymptotic|existential,11,https://conjectures.io/problems/erdos886-erdos-886,"True ↔ ∀ ε > 0, ∃ K, ∀ᶠ (n : ℕ) in Filter.atTop, (Erdos886.Erdos886Divisors n ε 1).card ≤ K",fc-8432eac9-erdos886-erdos-886-1818719ba4-formalized-v1,fc-8432eac9-erdos886-erdos-886-9a8d0b676e-counterexample-v1
erdos949-erdos-949,Erdos949.erdos_949,Erdős problem 949,erdos,3341.65,5538.519094,True,0,2.5,existential,5,https://conjectures.io/problems/erdos949-erdos-949,"True ↔ ∀ (S : Set ℝ), (∀ a ∈ S, ∀ b ∈ S, a + b ∉ S) → ∃ A ⊆ Sᶜ, Cardinal.mk ↑A = Cardinal.continuum ∧ A + A ⊆ Sᶜ",fc-8432eac9-erdos949-erdos-949-3227f323e8-formalized-v1,fc-8432eac9-erdos949-erdos-949-f6a0e99e0f-counterexample-v1
green66-green-66,Green66.green_66,Green's open problem 66,greens-open-problems,3341.65,5538.519094,True,0,2.5,asymptotic|existential,11,https://conjectures.io/problems/green66-green-66,"True ↔ ∀ᶠ (X : ℝ) in Filter.atTop, ∃ n, Green66.IsSumOfTwoSquares n ∧ ↑n ∈ Set.Icc (X - 1 / 10 * X ^ (1 / 4)) X",fc-8432eac9-green66-green-66-0ec9fd2ad5-formalized-v1,fc-8432eac9-green66-green-66-c65d96f8dd-counterexample-v1
erdos124-erdos124-ne-zero,Erdos124.erdos124.ne_zero,Erdős problem 124 - ne zero,erdos,3341.65,5538.519094,True,0,2.0,nat_domain|asymptotic,11,https://conjectures.io/problems/erdos124-erdos124-ne-zero,"True ↔
  ∀ (k : ℕ),
    k ≠ 0 →
      ∀ (D : Finset ℕ),
        (∀ d ∈ D, 3 ≤ d) →
          1 ≤ ∑ d ∈ D, (↑d - 1)⁻¹ →
            D.gcd id = 1 → ∀ᶠ (n : ℕ) in Filter.atTop, n ∈ ∑ d ∈ D, Erdos124.sumsOfDistinctPowers d k",fc-8432eac9-erdos124-ne-zero-80b7c00d93-formalized-v1,fc-8432eac9-erdos124-ne-zero-c10fba5192-counterexample-v1
erdos25-erdos-25,Erdos25.erdos_25,Erdős problem 25,erdos,3341.65,5538.519094,True,0,2.0,nat_domain|existential,11,https://conjectures.io/problems/erdos25-erdos-25,"True ↔
  ∀ (seq_n : ℕ → ℕ) (seq_a : ℕ → ℤ),
    (∀ (i : ℕ), 0 < seq_n i) →
      StrictMono seq_n → ∃ d, {x | ∀ (i : ℕ), ↑x < ↑(seq_n i) ∨ ¬↑x ≡ seq_a i [ZMOD ↑(seq_n i)]}.HasLogDensity d",fc-8432eac9-erdos25-erdos-25-b39e4d2726-formalized-v1,fc-8432eac9-erdos25-erdos-25-d9f3d0b68f-counterexample-v1
erdos317-erdos-317-variants-claim2,Erdos317.erdos_317.variants.claim2,Erdős problem 317 - claim 2,erdos,3341.65,5538.519094,True,0,2.0,rational_domain|nat_domain|asymptotic|bounded_finite_range,11,https://conjectures.io/problems/erdos317-erdos-317-variants-claim2,"True ↔
  ∀ᶠ (n : ℕ) in Filter.atTop,
    ∀ (δ : Fin n → ℚ),
      δ '' Set.univ ⊆ {-1, 0, 1} → |∑ k, δ k / (↑↑k + 1)| ≠ 0 → |∑ k, δ k / (↑↑k + 1)| > 1 / ↑((Finset.Icc 1 n).lcm id)",fc-8432eac9-variants-claim2-a3a2c46c00-formalized-v1,fc-8432eac9-variants-claim2-562d2b2392-counterexample-v1
erdos890-erdos-890-parts-b,Erdos890.erdos_890.parts.b,Erdős problem 890 - part b,erdos,3341.65,5538.519094,True,0,2.0,asymptotic|bounded_finite_range,11,https://conjectures.io/problems/erdos890-erdos-890-parts-b,"True ↔
  ∀ k ≥ 1,
    Filter.limsup
        (fun n =>
          (∑ i ∈ Finset.range k, ↑(ArithmeticFunction.cardDistinctFactors (n + i))) *
            (↑(Real.log (Real.log ↑n)) / ↑(Real.log ↑n)))
        Filter.atTop =
      1",fc-8432eac9-parts-b-65e964d8bf-formalized-v1,fc-8432eac9-parts-b-6b42e4ad9a-counterexample-v1
green44-green-44,Green44.green_44,Green's open problem 44,greens-open-problems,3341.65,5538.519094,True,1,2.0,nat_domain|bounded_finite_range,11,https://conjectures.io/problems/green44-green-44,"True ↔
  ∀ (N : ℕ) (p : Fin 1000 → ℕ) (A : (i : Fin 1000) → Finset (ZMod (p i))),
    have remaining := {x ∈ Finset.Icc 1 N | ∀ (i : Fin 1000), ↑x ∉ A i};
    (∀ (i : Fin 1000), Nat.Prime (p i)) →
      StrictMono p → p 999 ^ 10 < N ^ 9 → (∀ (i : Fin 1000), (A i).card = p i / 2) → 10 * remaining.card ≤ N",fc-8432eac9-green44-green-44-2629003ac1-formalized-v1,fc-8432eac9-green44-green-44-f21be00c87-counterexample-v1
erdos1056-erdos-1056,Erdos1056.erdos_1056,Erdős problem 1056,erdos,3341.65,5538.519094,True,0,1.5,nat_domain|existential,11,https://conjectures.io/problems/erdos1056-erdos-1056,"True ↔
  ∀ k ≥ 2,
    ∃ p, ∃ (_ : Nat.Prime p), ∃ boundaries, ∃ (_ : StrictMono boundaries), Erdos1056.AllModProdEqualsOne p boundaries",fc-8432eac9-erdos1056-erdos-1056-b4818ee7ef-formalized-v1,fc-8432eac9-erdos1056-erdos-1056-44d57d034a-counterexample-v1
erdos653-erdos-653,Erdos653.erdos_653,Erdős problem 653,erdos,3341.65,5538.519094,True,0,1.5,nat_domain|asymptotic|existential,5|52,https://conjectures.io/problems/erdos653-erdos-653,"True ↔
  ∃ o,
    o =o[Filter.atTop] 1 ∧
      ∀ᶠ (n : ℕ) in Filter.atTop, (1 - o n) * ↑n ≤ ↑(EuclideanGeometry.maximalDistinctDistancesFrom n)",fc-8432eac9-erdos653-erdos-653-15000f4d45-formalized-v1,fc-8432eac9-erdos653-erdos-653-42c9d5c2c1-counterexample-v1
erdos749-erdos-749,Erdos749.erdos_749,Erdős problem 749,erdos,3341.65,5538.519094,True,0,1.5,nat_domain|asymptotic|existential,11,https://conjectures.io/problems/erdos749-erdos-749,"True ↔
  ∀ ε > 0, ∃ A, 1 - ε ≤ (A + A).lowerDensity ∧ (Nat.cast ∘ AdditiveCombinatorics.sumRep A) =O[Filter.atTop] fun n => 1",fc-8432eac9-erdos749-erdos-749-3c9a49453b-formalized-v1,fc-8432eac9-erdos749-erdos-749-4af562f0f9-counterexample-v1
erdos91-erdos-91,Erdos91.erdos_91,Erdős problem 91,erdos,3341.65,5538.519094,True,0,1.5,nat_domain|asymptotic,52,https://conjectures.io/problems/erdos91-erdos-91,"(∀ᶠ (n : ℕ) in Filter.atTop, ¬Erdos91.UniqueMinimizer n) ↔ True",fc-8432eac9-erdos91-erdos-91-72553397e5-formalized-v1,fc-8432eac9-erdos91-erdos-91-c3048d4ed8-counterexample-v1
erdos962-erdos-962,Erdos962.erdos_962,Erdős problem 962,erdos,3341.65,5538.519094,True,0,1.5,nat_domain|asymptotic|existential,11,https://conjectures.io/problems/erdos962-erdos-962,"True ↔
  ∃ ε,
    (∀ δ > 0, ∀ᶠ (n : ℕ) in Filter.atTop, |ε n| < δ) ∧
      ∀ᶠ (n : ℕ) in Filter.atTop, Real.log ↑(Erdos962.k n) ≤ (Real.log ↑n).rpow (1 / 2 + ε n)",fc-8432eac9-erdos962-erdos-962-3ff4c60ed6-formalized-v1,fc-8432eac9-erdos962-erdos-962-b13bd74d1d-counterexample-v1
green36-green-36-variants-cks05,Green36.green_36.variants.cks05,Green's open problem 36 - cks 05,greens-open-problems,3341.65,5538.519094,True,0,1.5,nat_domain|asymptotic|existential,5|20,https://conjectures.io/problems/green36-green-36-variants-cks05,"True ↔
  ∀ ε > 0,
    ∃ᶠ (n : ℕ) in Filter.atTop,
      ∃ H x,
        ∃ (_ : Finite H),
          ∃ A B,
            ↑n ^ (2 - ε) ≤ ↑(Nat.card H) ∧
              ↑(Nat.card H) ≤ ↑n ^ (2 + ε) ∧
                (∀ (i : Fin n), ↑n ^ (2 - ε) ≤ ↑(A i).card * ↑(B i).card) ∧ Green36.SimultaneousDoubleProduct A B",fc-8432eac9-variants-cks05-00511ed23a-formalized-v1,fc-8432eac9-variants-cks05-3c59c51d97-counterexample-v1
erdos1113-erdos-1113-variants-filaseta-finch-kozek,Erdos1113.erdos_1113.variants.filaseta_finch_kozek,Erdős problem 1113 - filaseta finch kozek,erdos,3341.65,5538.519094,True,0,1.0,nat_domain,11,https://conjectures.io/problems/erdos1113-erdos-1113-variants-filaseta-finch-kozek,"∀ (k : ℕ), k.IsSierpinskiNumber → k.IsPerfectPower ∨ Erdos1113.HasFinitePrimeCoveringSet k",fc-8432eac9-variants-filaseta-finch-kozek-d272d865e9-formalized-v1,fc-8432eac9-variants-filaseta-finch-kozek-98f7855cfc-counterexample-v1
erdos138-erdos-138,Erdos138.erdos_138,Erdős problem 138,erdos,3341.65,5538.519094,True,0,1.0,asymptotic,11,https://conjectures.io/problems/erdos138-erdos-138,True ↔ Filter.Tendsto (fun k => ↑(Erdos138.W k) ^ (1 / ↑k)) Filter.atTop Filter.atTop,fc-8432eac9-erdos138-erdos-138-ac3a02d73a-formalized-v1,fc-8432eac9-erdos138-erdos-138-7e5b8fb929-counterexample-v1
erdos14-erdos-14-parts-i,Erdos14.erdos_14.parts.i,Erdős problem 14 - part i,erdos,3341.65,5538.519094,True,0,1.0,nat_domain|asymptotic,11,https://conjectures.io/problems/erdos14-erdos-14-parts-i,"True ↔ ∀ (A : Set ℕ), ∀ ε > 0, Erdos14.almostSquareRoot ε =O[Filter.atTop] Erdos14.nonUniqueSumCount A",fc-8432eac9-parts-i-8313191e7a-formalized-v1,fc-8432eac9-parts-i-ae1509e8f5-counterexample-v1
erdos168-erdos-168-parts-ii,Erdos168.erdos_168.parts.ii,Erdős problem 168 - part ii,erdos,3341.65,5538.519094,True,0,1.0,asymptotic,5|11,https://conjectures.io/problems/erdos168-erdos-168-parts-ii,True ↔ Irrational (Filter.limsup (fun N => ↑(Erdos168.F N) / ↑N) Filter.atTop),fc-8432eac9-parts-ii-d82e963a09-formalized-v1,fc-8432eac9-parts-ii-d8a04edc99-counterexample-v1
erdos18-erdos-18b,Erdos18.erdos_18b,Erdős problem 18 - b,erdos,3341.65,5538.519094,True,0,1.0,nat_domain|asymptotic,11,https://conjectures.io/problems/erdos18-erdos-18b,"True ↔ ∀ (ε : ℝ), 0 < ε → ∀ᶠ (n : ℕ) in Filter.atTop, ↑(Erdos18.practicalH n.factorial) < ↑n ^ ε",fc-8432eac9-erdos18-erdos-18b-9bd94d8707-formalized-v1,fc-8432eac9-erdos18-erdos-18b-c45e6e4118-counterexample-v1
erdos263-erdos-263-parts-i,Erdos263.erdos_263.parts.i,Erdős problem 263 - part i,erdos,3341.65,5538.519094,True,0,1.0,,11,https://conjectures.io/problems/erdos263-erdos-263-parts-i,True ↔ Erdos263.IsIrrationalitySequence fun n => 2 ^ 2 ^ n,fc-8432eac9-parts-i-93d641bef3-formalized-v1,fc-8432eac9-parts-i-a5c90ee305-counterexample-v1
erdos30-erdos-30,Erdos30.erdos_30,Erdős problem 30,erdos,3341.65,5538.519094,True,0,1.0,asymptotic,11,https://conjectures.io/problems/erdos30-erdos-30,"True ↔ ∀ ε > 0, (fun N => ↑(Erdos30.h N) - √↑N) =O[Filter.atTop] fun N => ↑N ^ ε",fc-8432eac9-erdos30-erdos-30-933ffdb7db-formalized-v1,fc-8432eac9-erdos30-erdos-30-1f33f465b5-counterexample-v1
erdos304-upper-bound,Erdos304.upper_bound,Erdős problem 304 - upper bound,erdos,3341.65,5538.519094,True,0,1.0,asymptotic,11,https://conjectures.io/problems/erdos304-upper-bound,True ↔ (fun b => ↑(Erdos304.smallestCollectionTo b)) =O[Filter.atTop] fun b => Real.log (Real.log ↑b),fc-8432eac9-erdos304-upper-bound-cfbe65b43e-formalized-v1,fc-8432eac9-erdos304-upper-bound-22358ace37-counterexample-v1
erdos323-erdos-323-parts-i,Erdos323.erdos_323.parts.i,Erdős problem 323 - part i,erdos,3341.65,5538.519094,True,0,1.0,asymptotic,11,https://conjectures.io/problems/erdos323-erdos-323-parts-i,"True ↔ ∀ k ≥ 1, ∀ ε > 0, (fun x => ↑x ^ (1 - ε)) =O[Filter.atTop] fun x => ↑(Erdos323.f k k x)",fc-8432eac9-parts-i-87fdc371c0-formalized-v1,fc-8432eac9-parts-i-a1d2d2ca49-counterexample-v1
erdos323-erdos-323-parts-ii,Erdos323.erdos_323.parts.ii,Erdős problem 323 - part ii,erdos,3341.65,5538.519094,True,0,1.0,nat_domain|asymptotic,11,https://conjectures.io/problems/erdos323-erdos-323-parts-ii,"True ↔ ∀ (k m : ℕ), 1 ≤ m → m < k → (fun x => ↑x ^ (↑m / ↑k)) =O[Filter.atTop] fun x => ↑(Erdos323.f k m x)",fc-8432eac9-parts-ii-2c21d52a63-formalized-v1,fc-8432eac9-parts-ii-e3b636ab6b-counterexample-v1
erdos410-erdos-410,Erdos410.erdos_410,Erdős problem 410,erdos,3341.65,5538.519094,True,0,1.0,asymptotic,11,https://conjectures.io/problems/erdos410-erdos-410,"True ↔ ∀ n > 1, Filter.Tendsto (fun k => ↑((⇑(ArithmeticFunction.sigma 1))^[k] n) ^ (1 / ↑k)) Filter.atTop Filter.atTop",fc-8432eac9-erdos410-erdos-410-a64f6130b3-formalized-v1,fc-8432eac9-erdos410-erdos-410-fdf5db21e4-counterexample-v1
erdos413-erdos-413-parts-i,Erdos413.erdos_413.parts.i,Erdős problem 413 - part i,erdos,3341.65,5538.519094,True,0,1.0,,11,https://conjectures.io/problems/erdos413-erdos-413-parts-i,True ↔ {n | Erdos413.IsBarrier (fun m => ↑(ArithmeticFunction.cardDistinctFactors m)) n}.Infinite,fc-8432eac9-parts-i-49631db9cf-formalized-v1,fc-8432eac9-parts-i-2dd976f4c6-counterexample-v1
erdos828-erdos-828,Erdos828.erdos_828,Erdős problem 828,erdos,3341.65,5538.519094,True,0,1.0,,11,https://conjectures.io/problems/erdos828-erdos-828,"True ↔ ∀ (a : ℤ), {n | ↑n.totient ∣ ↑n + a}.Infinite",fc-8432eac9-erdos828-erdos-828-cbbc2d3106-formalized-v1,fc-8432eac9-erdos828-erdos-828-18f44de46a-counterexample-v1
erdos933-erdos-933,Erdos933.erdos_933,Erdős problem 933,erdos,3341.65,5538.519094,True,0,1.0,asymptotic,11,https://conjectures.io/problems/erdos933-erdos-933,True ↔ Filter.limsup (fun n => ↑↑(2 ^ Erdos933.k n * 3 ^ Erdos933.l n) / (↑↑n * ↑(Real.log ↑n))) Filter.atTop = ⊤,fc-8432eac9-erdos933-erdos-933-368f39fa18-formalized-v1,fc-8432eac9-erdos933-erdos-933-6b7b632481-counterexample-v1
erdos936-erdos-936-variants-factorial-add-one,Erdos936.erdos_936.variants.factorial_add_one,Erdős problem 936 - factorial add one,erdos,3341.65,5538.519094,True,0,1.0,,11,https://conjectures.io/problems/erdos936-erdos-936-variants-factorial-add-one,True ↔ Erdos936.EventuallyNotPowerful fun x => x.factorial + 1,fc-8432eac9-variants-factorial-add-one-3976dacc9c-formalized-v1,fc-8432eac9-variants-factorial-add-one-9274c2d272-counterexample-v1
erdos936-erdos-936-variants-factorial-sub-one,Erdos936.erdos_936.variants.factorial_sub_one,Erdős problem 936 - factorial sub one,erdos,3341.65,5538.519094,True,0,1.0,,11,https://conjectures.io/problems/erdos936-erdos-936-variants-factorial-sub-one,True ↔ Erdos936.EventuallyNotPowerful fun x => x.factorial - 1,fc-8432eac9-variants-factorial-sub-one-4056cffa83-formalized-v1,fc-8432eac9-variants-factorial-sub-one-c9b0bc0a5b-counterexample-v1
erdos950-erdos-950-parts-iii,Erdos950.erdos_950.parts.iii,Erdős problem 950 - part iii,erdos,3341.65,5538.519094,True,0,1.0,asymptotic,11,https://conjectures.io/problems/erdos950-erdos-950-parts-iii,True ↔ Erdos950.f =o[Filter.atTop] fun n => Real.log (Real.log ↑n),fc-8432eac9-parts-iii-b8634d27c8-formalized-v1,fc-8432eac9-parts-iii-cb61edebf4-counterexample-v1
erdos979-erdos-979,Erdos979.erdos_979,Erdős problem 979,erdos,3341.65,5538.519094,True,0,1.0,asymptotic,11,https://conjectures.io/problems/erdos979-erdos-979,"True ↔ ∀ k ≥ 2, Filter.limsup (fun n => (Erdos979.solutionSet n k).encard) Filter.atTop = ⊤",fc-8432eac9-erdos979-erdos-979-53f9e65638-formalized-v1,fc-8432eac9-erdos979-erdos-979-a410549b4d-counterexample-v1
erdos98-erdos-98,Erdos98.erdos_98,Erdős problem 98,erdos,3341.65,5538.519094,True,0,1.0,asymptotic,52,https://conjectures.io/problems/erdos98-erdos-98,True ↔ Filter.Tendsto (fun n => ↑(Erdos98.h n) / ↑n) Filter.atTop Filter.atTop,fc-8432eac9-erdos98-erdos-98-d47c323f06-formalized-v1,fc-8432eac9-erdos98-erdos-98-476a1ab3c5-counterexample-v1
erdos287-erdos-287,Erdos287.erdos_287,Erdős problem 287,erdos,3341.65,5538.519094,True,0,0.0,nat_domain,11,https://conjectures.io/problems/erdos287-erdos-287,"True ↔
  ∀ (k : ℕ) (hk : 2 ≤ k) (s : Fin k → ℕ), StrictMono s → 1 < s ⟨0, ⋯⟩ → ∑ i, 1 / ↑(s i) = 1 → 3 ≤ Erdos287.max_gap k s",fc-8432eac9-erdos287-erdos-287-5185cf5be4-formalized-v1,fc-8432eac9-erdos287-erdos-287-2af923e9e7-counterexample-v1
erdos495-erdos-495,Erdos495.erdos_495,Erdős problem 495,erdos,3341.65,5538.519094,True,0,0.0,asymptotic,11,https://conjectures.io/problems/erdos495-erdos-495,"True ↔ ∀ (α β : ℝ), Filter.liminf (fun n => ↑n * distToNearestInt (↑n * α) * distToNearestInt (↑n * β)) Filter.atTop = 0",fc-8432eac9-erdos495-erdos-495-f40f23eec4-formalized-v1,fc-8432eac9-erdos495-erdos-495-21671f0ee2-counterexample-v1
green39-green-39,Green39.green_39,Green's open problem 39,greens-open-problems,3341.65,5538.519094,True,0,0.0,asymptotic,5|60,https://conjectures.io/problems/green39-green-39,"True ↔
  Filter.Tendsto
    (fun p =>
      have k := (↑p).sqrt;
      have c := 100 * k;
      ↑(Green39.proportionCoverable (↑p) k c))
    Filter.atTop (nhds 1)",fc-8432eac9-green39-green-39-ef78bae10f-formalized-v1,fc-8432eac9-green39-green-39-5fcd9b62ed-counterexample-v1
green15-green-15,Green15.green_15,Green's open problem 15,greens-open-problems,,,False,1,2.5,existential,5|11,https://conjectures.io/problems/green15-green-15,"True ↔ ∃ K f, LipschitzWith K f ∧ {x | ∃ n, (↑n, f n) = x}.IsAPOfLengthFree 3",fc-8432eac9-green15-green-15-5a26c2afe7-formalized-v1,fc-8432eac9-green15-green-15-43fbbdad6c-counterexample-v1
erdos726-erdos-726,Erdos726.erdos_726,Erdős problem 726,erdos,,,False,1,2.0,nat_domain|asymptotic|bounded_finite_range,11,https://conjectures.io/problems/erdos726-erdos-726,"True ↔
  Asymptotics.IsEquivalent Filter.atTop
    (fun n => ∑ p ∈ Finset.range (n + 1) with Nat.Prime p ∧ ↑p / 2 < ↑n % ↑p, 1 / ↑p) fun n =>
    Real.log (Real.log ↑n) / 2",fc-8432eac9-erdos726-erdos-726-73c1161491-formalized-v1,fc-8432eac9-erdos726-erdos-726-30d77f8cbc-counterexample-v1
green47-green-47,Green47.green_47,Green's open problem 47,greens-open-problems,,,False,2,1.5,nat_domain|asymptotic|existential,11,https://conjectures.io/problems/green47-green-47,"True ↔
  ∀ (A : Set ℕ),
    (∀ᶠ (p : ℕ) in Filter.atTop, Nat.Prime p → ((fun a => ↑a) '' A).ncard ≤ (p + 1) / 2) →
      ((fun X => ↑(A ∩ Set.Iic X).ncard) =O[Filter.atTop] fun X => √↑X / Real.log ↑X ^ 100) ∨
        ∃ P, P.degree = 2 ∧ ∀ a ∈ A, ∃ z, ↑a = Polynomial.eval (↑z) P",fc-8432eac9-green47-green-47-0488c3119c-formalized-v1,fc-8432eac9-green47-green-47-d81343b4b6-counterexample-v1
green51-green-51-one-half,Green51.green_51.one_half,Green's open problem 51 - one half,greens-open-problems,,,False,1,1.5,nat_domain|asymptotic|existential,5|11,https://conjectures.io/problems/green51-green-51-one-half,"True ↔
  ∀ (k : ℝ),
    0 < k → ∃ c, ∀ᶠ (n : ℕ) in Filter.atTop, ∀ α > 1 / 2 - k / √↑n, α ≤ 1 → n ≤ Green51.guaranteedMaxCosetDim n α + c",fc-8432eac9-green-51-one-half-c1068fe73b-formalized-v1,fc-8432eac9-green-51-one-half-b59581cdc9-counterexample-v1
erdos196-erdos-196,Erdos196.erdos_196,Erdős problem 196,erdos,,,False,1,1.0,nat_domain,5|11,https://conjectures.io/problems/erdos196-erdos-196,"True ↔ ∀ (f : ℕ ≃ ℕ), HasMonotoneAP (⇑f) 4",fc-8432eac9-erdos196-erdos-196-86aba1324a-formalized-v1,fc-8432eac9-erdos196-erdos-196-b7454f0edd-counterexample-v1
erdos272-erdos-272-variants-szabo-strong,Erdos272.erdos_272.variants.szabo_strong,Erdős problem 272 - szabo strong,erdos,,,False,1,1.0,asymptotic,5,https://conjectures.io/problems/erdos272-erdos-272-variants-szabo-strong,(fun N => ↑(Erdos272.maxArithInterCard N) - ↑N ^ 2 / 2) =O[Filter.atTop] fun N => ↑N,fc-8432eac9-variants-szabo-strong-454001886c-formalized-v1,fc-8432eac9-variants-szabo-strong-5c11f5ac6d-counterexample-v1
erdos96-erdos-96,Erdos96.erdos_96,Erdős problem 96,erdos,,,False,1,1.0,asymptotic,52,https://conjectures.io/problems/erdos96-erdos-96,True ↔ (fun n => ↑(Erdos96.maxConvexUnitDistances n)) =O[Filter.atTop] fun n => ↑n,fc-8432eac9-erdos96-erdos-96-7849c466eb-formalized-v1,fc-8432eac9-erdos96-erdos-96-9f43077a0f-counterexample-v1
